Name,Event,Description,Cost,Date,Time,Address,Ticket_URL,Keywords
Rodney's Comedy Club,Tony Dabas Connor King Ted Barton Hannah Jones and more,"A nightly stand-up showcase at Rodney’s Comedy Club featuring Tony Dabas, Connor King, Ted Barton, Hannah Jones and other comedians. Expect a lineup of short stand-up sets and surprise guests in an intimate NYC comedy room.",$20,2026-05-01,8:30 PM,"1118 1st Ave, New York, NY 10065, USA",https://rodneysnewyorkcomedyclub.com/shows/friday-night-laughs-at-rodneys-4,"comedy, stand-up, humor, comedian, intimate, adults, groups, stand-up-showcase, surprise-guests"
Rodney's Comedy Club,Kevin Brennan Reverend Bob Levy and more !,A headline show starring Kevin Brennan with Reverend Bob Levy and additional performers. The event features curated stand-up sets from established and rising comedians in the club.,$25,2026-05-02,8:00 PM,"1118 1st Ave, New York, NY 10065, USA",https://rodneysnewyorkcomedyclub.com/shows/kevin-brennan-reverend-bob-levy-and-more-,"comedy, stand-up, humor, comedian, energetic, adults, groups, headliner-show, stand-up-comedy"
Comedy Village,Times Square Comedy,"A late-night, edgier stand-up showcase featuring seasoned NYC comics and surprise drop-ins for a one-night-only feel.",$25.00,2026-04-30,9:00 PM,"352 W 44th St, Manhattan, NY 10036, USA",https://comedyvillage.com/event/times-square-comedy-thur-april-30th-9-pm/,"comedy, stand-up, humor, late-night, energetic, adults, surprise-guests, edgy-comedy"
Comedy Village,NYC Stand-Up,Prime-time Friday night stand-up with a curated lineup of NYC comedians who have appeared on major TV and streaming platforms.,$28.00,2026-05-01,8:00 PM,"352 W 44th St, Manhattan, NY 10036, USA",https://comedyvillage.com/event/nyc-stand-up-fri-may-1st-8-pm/,"comedy, stand-up, comedian, energetic, adults, rowdy, friday-night, tv-comedians"
Comedy Village,Times Square Comedy,"A lively late show built for serious comedy fans and New York night owls, featuring punchy sets and surprise guests.",$28.00,2026-05-01,10:00 PM,"352 W 44th St, Manhattan, NY 10036, USA",https://comedyvillage.com/event/times-square-comedy-friday-may-1st-10-pm/,"comedy, stand-up, humor, late-night, energetic, adults, surprise-guests, comedy-sets"
Comedy Village,NYC Stand-Up,"A late-late show offering bold, unfiltered stand-up and high-energy crowd interaction to close out the night.",$28.00,2026-05-01,11:00 PM,"352 W 44th St, Manhattan, NY 10036, USA",https://comedyvillage.com/event/nyc-stand-up-fri-may-1st-11-pm/,"comedy, stand-up, humor, late-night, energetic, adults, rowdy, unfiltered-comedy, high-energy-crowd"
Comedy Village,Times Square Comedy,An 8 PM Saturday showcase capturing full weekend energy with fast-paced sets from club regulars and touring headliners.,$28.00,2026-05-02,8:00 PM,"352 W 44th St, Manhattan, NY 10036, USA",https://comedyvillage.com/event/times-square-comedy-saturday-may-2nd-8-pm/,"comedy, stand-up, humor, energetic, rowdy, groups, touring-headliners, comedy-showcase"
Comedy Village,Times Square Comedy,A louder late show featuring a mix of touring headliners and surprise drop-ins for a high-energy Saturday night experience.,$28.00,2026-05-02,10:00 PM,"352 W 44th St, Manhattan, NY 10036, USA",https://comedyvillage.com/event/times-square-comedy-saturday-may-2nd-10-pm/,"comedy, stand-up, comedian, late-night, energetic, groups, touring-headliners, surprise-guests"
Comedy Village,NYC Stand-Up,"An 11 PM late show aimed at night owls with unfiltered, crowd-driven stand-up and big personalities.",$28.00,2026-05-02,11:00 PM,"352 W 44th St, Manhattan, NY 10036, USA",https://comedyvillage.com/event/nyc-stand-up-saturday-may-2nd-11-pm/,"comedy, stand-up, humor, late-night, energetic, adults, rowdy, crowd-work, unfiltered-comedy"
Comedy In Harlem,CERTIFIED MONSTERZ LIVE AT COMEDY IN HARLEM,"A high-energy Monsterz Ball comedy night featuring a stacked lineup including Kareem Smith, Kareem Green, John Ovalles, PJ Bryan, and Rashad Bashir. Expect nonstop laughs and raw NYC comedy energy.",N/A,2026-05-01,8:00 PM,"750A St Nicholas Ave, New York, NY 10031, USA",https://www.comedyinharlem.com/shows/365262,"comedy, stand-up, humor, energetic, rowdy, groups, adults, monsterz-ball, raw-comedy"
Comedy In Harlem,MONSTERZ PRESENTS: THE BEST OF BOTH WORLDS,"A curated showcase headlined by Isiah Kelly with a diverse lineup (Reggie Kush, Gadiel Del Orbe, Nemo, Soo-Ra, JJ Mattise) blending different comedic styles and perspectives. Promises a lively, culture-driven night of stand-up.",N/A,2026-05-02,8:00 PM,"750A St Nicholas Ave, New York, NY 10031, USA",https://www.comedyinharlem.com/shows/365264,"comedy, stand-up, humor, sketch, energetic, groups, diverse-comedy, culture-driven"
Comedy In Harlem,LOS MONSTROZ LIVE AT COMEDY IN HARLEM,"A late-night, high-energy comedy show featuring For Dha Money, P.J. Bryan, and Big Rhed, delivering bold sets and authentic Harlem nightlife vibes. Ideal for late-night audiences looking for big laughs.",N/A,2026-05-02,10:30 PM,"750A St Nicholas Ave, New York, NY 10031, USA",https://www.comedyinharlem.com/shows/365265,"comedy, stand-up, humor, late-night, energetic, adults, groups, harlem-comedy, bold-comedy"
High Line Comedy Club,Comedy Show + Mini-Golf Experience,Stand-up comedy showcase at High Line Comedy Club paired with an on-site round of mini-golf. Shows are 21+ with a food/drink minimum and typically feature both established and rising comedians.,From $26.00,2026-05-01,7:00 PM,"446 W 14th St, New York, NY 10014, USA",https://feverup.com/m/342299,"comedy, stand-up, humor, energetic, casual, adults, date-night, mini-golf, comedian-showcase"
High Line Comedy Club,Comedy Show + Mini-Golf Experience,Stand-up comedy showcase at High Line Comedy Club paired with an on-site round of mini-golf. Shows are 21+ with a food/drink minimum and typically feature both established and rising comedians.,From $26.00,2026-05-01,9:00 PM,"446 W 14th St, New York, NY 10014, USA",https://feverup.com/m/342299,"comedy, stand-up, humor, mini-golf, energetic, adults, date-night, comedian-showcase, interactive-fun"
High Line Comedy Club,Comedy Show + Mini-Golf Experience,Stand-up comedy showcase at High Line Comedy Club paired with an on-site round of mini-golf. Shows are 21+ with a food/drink minimum and typically feature both established and rising comedians.,From $26.00,2026-05-02,7:00 PM,"446 W 14th St, New York, NY 10014, USA",https://feverup.com/m/342299,"comedy, stand-up, humor, energetic, casual, adults, date-night, mini-golf, comedy-showcase"
High Line Comedy Club,Comedy Show + Mini-Golf Experience,Stand-up comedy showcase at High Line Comedy Club paired with an on-site round of mini-golf. Shows are 21+ with a food/drink minimum and typically feature both established and rising comedians.,From $26.00,2026-05-02,9:00 PM,"446 W 14th St, New York, NY 10014, USA",https://feverup.com/m/342299,"comedy, stand-up, humor, energetic, casual, adults, date-night, mini-golf, comedian-showcase"
The Grisly Pear - Midtown,Comedy Show at The Grisly Pear Midtown,"An evening stand-up comedy show featuring a rotating lineup of NYC comics and rising talent. Expect comedians you've seen on HBO, Comedy Central, Netflix, Late Night TV, and more.",$23.24,2026-05-01,7:30 PM,"243 W 54th St, New York, NY 10019, USA",https://www.grislypearstandup.com/events/comedy-show-at-the-grisly-pear-midtown-05-01-26-07-30-pm,"comedy, stand-up, comedian, humor, energetic, adults, laughs, late-night, rising-talent"
The Grisly Pear - Midtown,Comedy Show at The Grisly Pear Midtown,"An evening stand-up comedy show featuring a rotating lineup of NYC comics and rising talent. Expect comedians you've seen on HBO, Comedy Central, Netflix, Late Night TV, and more.",$23.24,2026-05-01,9:30 PM,"243 W 54th St, New York, NY 10019, USA",https://www.grislypearstandup.com/events/comedy-show-at-the-grisly-pear-midtown-05-01-26-09-30-pm,"comedy, stand-up, comedian, energetic, rowdy, adults, groups, live-comedy, rotating-lineup"
The Grisly Pear - Midtown,Comedy Show at The Grisly Pear Midtown,"An evening stand-up comedy show featuring a rotating lineup of NYC comics and rising talent. Expect comedians you've seen on HBO, Comedy Central, Netflix, Late Night TV, and more.",$23.24,2026-05-02,7:30 PM,"243 W 54th St, New York, NY 10019, USA",https://www.grislypearstandup.com/events/comedy-show-at-the-grisly-pear-midtown-05-02-26-07-30-pm,"comedy, stand-up, comedian, humor, energetic, adults, groups, live-comedy, rotating-lineup"
The Grisly Pear - Midtown,Comedy Show at The Grisly Pear Midtown,"An evening stand-up comedy show featuring a rotating lineup of NYC comics and rising talent. Expect comedians you've seen on HBO, Comedy Central, Netflix, Late Night TV, and more.",$23.24,2026-05-02,9:30 PM,"243 W 54th St, New York, NY 10019, USA",https://www.grislypearstandup.com/events/comedy-show-at-the-grisly-pear-midtown-05-02-26-09-30-pm,"comedy, stand-up, comedian, humor, energetic, adults, laughs, NYC-comics, rotating-lineup"
Comedy Cellar,Regular Show — Lineup Varies,A regularly scheduled stand-up comedy show at the Comedy Cellar featuring a rotating lineup of comedians. Two-item minimum per person applies.,$18.00,2026-04-30,7:00 PM,"117 MacDougal St, New York, NY 10012, USA",https://www.comedycellar.com/,"comedy, stand-up, humor, comedian, energetic, adults, groups, rotating-lineup, two-drink-minimum"
Comedy Cellar,Regular Show — Lineup Varies,A regularly scheduled stand-up comedy show at the Comedy Cellar featuring a rotating lineup of comedians. Two-item minimum per person applies.,$18.00,2026-04-30,9:00 PM,"117 MacDougal St, New York, NY 10012, USA",https://www.comedycellar.com/,"comedy, stand-up, comedian, humor, casual, energetic, groups, adults, rotating-lineup, two-drink-minimum"
Comedy Cellar,Regular Show — Lineup Varies,A regularly scheduled stand-up comedy show at the Comedy Cellar featuring a rotating lineup of comedians. Two-item minimum per person applies.,$18.00,2026-04-30,11:00 PM,"117 MacDougal St, New York, NY 10012, USA",https://www.comedycellar.com/,"comedy, stand-up, humor, comedian, energetic, adults, groups, rotating-lineup, two-drink-minimum"
Comedy Cellar,Regular Show — Lineup Varies,A regularly scheduled stand-up comedy show at the Comedy Cellar featuring a rotating lineup of comedians. Two-item minimum per person applies.,$25.00,2026-05-01,6:45 PM,"117 MacDougal St, New York, NY 10012, USA",https://www.comedycellar.com/,"comedy, stand-up, humor, comedian, energetic, adults, groups, rotating-lineup, two-drink-minimum"
Comedy Cellar,Regular Show — Lineup Varies,A regularly scheduled stand-up comedy show at the Comedy Cellar featuring a rotating lineup of comedians. Two-item minimum per person applies.,$25.00,2026-05-01,8:45 PM,"117 MacDougal St, New York, NY 10012, USA",https://www.comedycellar.com/,"comedy, stand-up, humor, comedian, energetic, adults, late-night, rotating-lineup, two-drink-minimum"
Comedy Cellar,Regular Show — Lineup Varies,A regularly scheduled stand-up comedy show at the Comedy Cellar featuring a rotating lineup of comedians. Two-item minimum per person applies.,$25.00,2026-05-01,10:45 PM,"117 MacDougal St, New York, NY 10012, USA",https://www.comedycellar.com/,"comedy, stand-up, humor, comedian, energetic, groups, adults, rotating-lineup, two-drink-minimum"
Comedy Cellar,Regular Show — Lineup Varies,A regularly scheduled stand-up comedy show at the Comedy Cellar featuring a rotating lineup of comedians. Two-item minimum per person applies.,$25.00,2026-05-02,6:45 PM,"117 MacDougal St, New York, NY 10012, USA",https://www.comedycellar.com/,"comedy, stand-up, comedian, humor, energetic, adults, groups, rotating-lineup, laughs"
Comedy Cellar,Regular Show — Lineup Varies,A regularly scheduled stand-up comedy show at the Comedy Cellar featuring a rotating lineup of comedians. Two-item minimum per person applies.,$25.00,2026-05-02,8:45 PM,"117 MacDougal St, New York, NY 10012, USA",https://www.comedycellar.com/,"comedy, stand-up, humor, comedian, energetic, adults, groups, rotating-lineup, two-drink-minimum"
Comedy Cellar,Regular Show — Lineup Varies,A regularly scheduled stand-up comedy show at the Comedy Cellar featuring a rotating lineup of comedians. Two-item minimum per person applies.,$25.00,2026-05-02,10:45 PM,"117 MacDougal St, New York, NY 10012, USA",https://www.comedycellar.com/,"comedy, stand-up, comedian, humor, energetic, adults, laughs, rotating-lineup, two-drink-minimum"
Caveat,Ask a Fuckboy,Comedy show where comics tell unhinged dating stories and a panel of ‘fuckboys’ weighs in; hosted by Andrea Popova and Val Parker. A late-night comedy variety format combining storytelling and panel commentary.,N/A,2026-05-01,9:30 PM,"21 A Clinton St, New York, NY 10002, USA",https://www.eventbrite.com/e/ask-a-fuckboy-tickets-1782750818689,"comedy, stand-up, humor, panel, late-night, energetic, adults, dating-stories, unhinged-comedy"
Caveat,Immigrant Jam,Lucie Pohl’s Immigrant Jam — a showcase of immigrant and first-generation comedians delivering stand-up about cross-cultural life and identity; a monthly curated comedy night celebrating diverse voices.,N/A,2026-05-01,7:00 PM,"21 A Clinton St, New York, NY 10002, USA",https://www.eventbrite.com/e/immigrant-jam-tickets-1985590735340,"comedy, stand-up, humor, comedian, energetic, groups, immigrant-voices, cross-cultural, diverse-comedians"
Caveat,My Immortal LIVE,"A karaoke-style, semi-improvised staged reading of the infamous fanfiction ‘My Immortal,’ in which performers riff on the story and audience participation drives the chaos; hosted by Shannon Lippert.",N/A,2026-05-02,4:00 PM,"21 A Clinton St, New York, NY 10002, USA",https://www.eventbrite.com/e/my-immortal-live-tickets-1985736912560,"comedy, improv, unscripted, interactive, energetic, groups, adults, karaoke-fanfiction, audience-participation, semi-improvised"
Caveat,Tom D's Big New York Show,"Comedian Tom Delgado’s variety show blending NYC history, stand-up, trivia, and special guests with audience participation and prizes; a lively, city-themed comedy experience.",N/A,2026-05-02,7:00 PM,"21 A Clinton St, New York, NY 10002, USA",https://www.eventbrite.com/e/tom-ds-big-new-york-show-tickets-1985590887796,"comedy, stand-up, humor, interactive, energetic, groups, adults, NYC-history, variety-show, audience-participation"
Drunk Shakespeare,Drunk Shakespeare - Romeo and Juliet,"A bawdy, 21+ interactive comedy: one performer downs several shots and then attempts to perform Shakespeare’s Romeo & Juliet while the sober ensemble tries to keep the play on track. Expect audience interaction and adult humor; running time ~90 minutes.",N/A,2026-04-30,7:00 PM,"35 W 39th St, New York, NY 10018, USA",https://www.axs.com/events/1325090/drunk-shakespeare-romeo-and-juliet-tickets,"comedy, sketch, unscripted, interactive, rowdy, adults, energetic, drunk-shakespeare, audience-participation"
Drunk Shakespeare,Drunk Shakespeare - Romeo and Juliet,"A bawdy, 21+ interactive comedy: one performer downs several shots and then attempts to perform Shakespeare’s Romeo & Juliet while the sober ensemble tries to keep the play on track. Expect audience interaction and adult humor; running time ~90 minutes.",N/A,2026-05-01,8:00 PM,"35 W 39th St, New York, NY 10018, USA",https://www.axs.com/events/1325225/drunk-shakespeare-romeo-and-juliet-tickets,"comedy, sketch, interactive, rowdy, late-night, adults, audience-participation, drunk-shakespeare, shakespeare-parody"
Drunk Shakespeare,Drunk Shakespeare - Romeo and Juliet,"A bawdy, 21+ interactive comedy: one performer downs several shots and then attempts to perform Shakespeare’s Romeo & Juliet while the sober ensemble tries to keep the play on track. Expect audience interaction and adult humor; running time ~90 minutes.",N/A,2026-05-01,10:00 PM,"35 W 39th St, New York, NY 10018, USA",https://www.ticketsmarter.com/e/drunk-shakespeare-romeo-and-juliet-tickets-manhattan-new-york-5-1-2026-the-ruby-theatre/3295323,"comedy, sketch, interactive, rowdy, late-night, adults, audience-participation, drunk-shakespeare, shakespeare-comedy"
Drunk Shakespeare,Drunk Shakespeare - Romeo and Juliet,"A bawdy, 21+ interactive comedy: one performer downs several shots and then attempts to perform Shakespeare’s Romeo & Juliet while the sober ensemble tries to keep the play on track. Expect audience interaction and adult humor; running time ~90 minutes.",N/A,2026-05-02,5:00 PM,"35 W 39th St, New York, NY 10018, USA",https://www.axs.com/events/1325086/drunk-shakespeare-romeo-and-juliet-tickets,"comedy, sketch, unscripted, interactive, rowdy, adults, date-night, drunk-shakespeare, audience-participation"
Drunk Shakespeare,Drunk Shakespeare - Romeo and Juliet,"A bawdy, 21+ interactive comedy: one performer downs several shots and then attempts to perform Shakespeare’s Romeo & Juliet while the sober ensemble tries to keep the play on track. Expect audience interaction and adult humor; running time ~90 minutes.",N/A,2026-05-02,7:00 PM,"35 W 39th St, New York, NY 10018, USA",https://www.axs.com/events/1325073/drunk-shakespeare-romeo-and-juliet-tickets,"comedy, sketch, interactive, rowdy, energetic, adults, groups, drunk-shakespeare, audience-participation"
Drunk Shakespeare,Drunk Shakespeare - Romeo and Juliet,"A bawdy, 21+ interactive comedy: one performer downs several shots and then attempts to perform Shakespeare’s Romeo & Juliet while the sober ensemble tries to keep the play on track. Expect audience interaction and adult humor; running time ~90 minutes.",N/A,2026-05-02,9:00 PM,"35 W 39th St, New York, NY 10018, USA",https://www.axs.com/events/1325009/drunk-shakespeare-romeo-and-juliet-tickets,"comedy, sketch, unscripted, interactive, rowdy, adults, late-night, shakespearean-comedy, audience-participation"
New York Comedy Club - Upper West Side,"Caitlin Peluffo, Fabrizio Copano, Pat Burtscher, Phil Duckett, Jesse Eigner","A fast-paced showcase of top-tier comics and club favorites, perfect after a day at the Met or Central Park. Expect multiple performers, surprise drop-ins, and an intimate NYC stand-up experience.",$47.16,2026-05-01,6:15 PM,"236 W 78th St, New York, NY 10024, USA",https://newyorkcomedyclub.com/events/caitlin-peluffo-fabrizio-copano-pat-burtscher-phil-duckett-jesse-eigner,"comedy, stand-up, humor, comedian, energetic, intimate, adults, comedy-showcase, surprise-guests"
New York Comedy Club - Upper West Side,"Alingon Mitra, Eagle Witt, Christine Berg, Erin Maguire","An Upper West Side showcase featuring a mix of club regulars and national comics delivering classic New York stand-up. Multiple comics perform in a lively, intimate room.",$53.68,2026-05-01,8:30 PM,"236 W 78th St, New York, NY 10024, USA",https://newyorkcomedyclub.com/events/alingon-mitra-eagle-witt-christine-berg-erin-maguire,"comedy, stand-up, humor, comedian, energetic, intimate, adults, groups, showcase, classic-ny-standup"
New York Comedy Club - Upper West Side,"Kaneez Surka, Damien Lemon, Christine Berg, Gastor Almonte",A high-energy evening showcase with a lineup of established and rising comedians. The show offers a rapid-fire series of stand-up sets in the club's intimate UWS room.,$47.16,2026-05-01,10:45 PM,"236 W 78th St, New York, NY 10024, USA",https://newyorkcomedyclub.com/events/kaneez-surka-damien-lemon-christine-berg-gastor-almonte,"comedy, stand-up, humor, comedian, energetic, intimate, adults, comedy-showcase, stand-up-lineup"
New York Comedy Club - Upper West Side,Matinee with Ry Daddy,"A matinee mix of fresh faces, club favorites, and citywide stars—an early show for those who want a comedy fix before the evening. Short sets from multiple comics in an upbeat daytime setting.",$36.29,2026-05-02,4:00 PM,"236 W 78th St, New York, NY 10024, USA",https://newyorkcomedyclub.com/events/matinee-with-ry-daddy-2026-03-23154403,"comedy, stand-up, humor, laughs, energetic, casual, groups, matinee-comedy, multi-comic"
New York Comedy Club - Upper West Side,"Vinny Guadagnino, Eric Neumann, Matt Bachus, Riley Lassin",An Upper West Side evening showcase featuring well-known and local comics delivering stand-up sets in an intimate club atmosphere. Expect a varied lineup and lively crowd interaction.,$47.16,2026-05-02,6:15 PM,"236 W 78th St, New York, NY 10024, USA",https://newyorkcomedyclub.com/events/vinny-guadagnino-eric-neumann-matt-bachus-riley-lassin,"comedy, stand-up, humor, comedian, energetic, intimate, adults, comedy-showcase, crowd-interaction"
New York Comedy Club - Upper West Side,"Jared Harvin, Oscar Aydin, Luisa Lange, Max Antonucci","A classic club show with multiple comics, offering a raw, brick-wall stand-up experience typical of New York's comedy scene. The lineup includes a mix of rising talents and favorites.",$53.68,2026-05-02,8:30 PM,"236 W 78th St, New York, NY 10024, USA",https://newyorkcomedyclub.com/events/jared-harvin-oscar-aydin-luisa-lange-max-antonucci,"comedy, stand-up, humor, comedian, energetic, adults, groups, brick-wall, multi-comic-lineup"
New York Comedy Club - Upper West Side,"Neko White, Marie Faustin, Max Antonucci","A late-night showcase featuring multiple stand-up performers in the club's intimate Upper West Side room. Expect sharp sets, surprise drop-ins, and a lively late-evening vibe.",$47.16,2026-05-02,10:45 PM,"236 W 78th St, New York, NY 10024, USA",https://newyorkcomedyclub.com/events/neko-white-marie-faustin-max-antonucci,"comedy, stand-up, humor, late-night, energetic, adults, groups, stand-up-showcase, surprise-performers"
Asylum NYC,OUTLAUGH: NEW YORK - Episode 7,"A live comedy competition where comedian castaways compete in Survivor-style challenges, featuring improvisation, stand-up, and game-show twists. Hosted by Jared Laxer with co-host Elle Rochford.",$36 +,2026-04-30,8:00 PM,"123 E 24th St, New York, NY 10010, USA",https://www.tixr.com/groups/asylumnyc/events/outlaugh-new-york-episode-7-180805,"comedy, stand-up, improv, energetic, rowdy, groups, game-show-comedy, survivor-style-challenges"
Magnet Theater,Musical Megawatt — Mona Lisa & Lil' Spoon,"A whole night entirely dedicated to musical improv, Musical Megawatt showcases everything you love about musical theater, all made up on the spot. Each set features different house ensembles performing improvised musicals.",$8,2026-04-30,6:30 PM,"254 W 29th St, New York, NY 10001, USA",https://magnettheater.com/show/tickets/60571/,"comedy, improv, musical-improv, sketch, energetic, groups, rowdy, musical-theater, house-ensembles"
Magnet Theater,Musical Megawatt — Factory Factory & Middle Brain,"A whole night entirely dedicated to musical improv, Musical Megawatt showcases everything you love about musical theater, all made up on the spot. Each set features different house ensembles performing improvised musicals.",$8,2026-04-30,7:30 PM,"254 W 29th St, New York, NY 10001, USA",https://magnettheater.com/show/tickets/60572/,"comedy, improv, musical-improv, sketch, energetic, groups, adults, live-music, unscripted"
Magnet Theater,Musical Megawatt — The Night Crew & Grinch Debussy,"A whole night entirely dedicated to musical improv, Musical Megawatt showcases everything you love about musical theater, all made up on the spot. Each set features different house ensembles performing improvised musicals.",$8,2026-04-30,8:30 PM,"254 W 29th St, New York, NY 10001, USA",https://magnettheater.com/show/tickets/60573/,"comedy, improv, musical-improv, sketch, energetic, groups, adults, musical-theater, house-ensembles"
Magnet Theater,Musical Megawatt — Backseat Driver & Houndstooth,"A whole night entirely dedicated to musical improv, Musical Megawatt showcases everything you love about musical theater, all made up on the spot. Each set features different house ensembles performing improvised musicals.",$8,2026-04-30,9:30 PM,"254 W 29th St, New York, NY 10001, USA",https://magnettheater.com/show/tickets/60574/,"comedy, improv, musical-improv, sketch, energetic, groups, adults, musical-theater, unscripted-performance"
Magnet Theater,Musical Improv Level Three Class Show,Graduates of Musical Improv Level Three take the stage and showcase what they've learned. A student showcase featuring improvised musical scenes and songs.,$5,2026-05-01,6:00 PM,"254 W 29th St, New York, NY 10001, USA",https://magnettheater.com/show/60407/,"comedy, improv, musical-improv, sketch, energetic, interactive, groups, student-showcase, improvised-music"
Magnet Theater,Premiere: The Improvised Musical,"Welcome to Premiere: The Improvised Musical, featuring NYC's top comedy performers and instructors. Each week the cast takes a suggestion from the audience and turns it into a fully crafted musical performed on the spot.",$17,2026-05-01,7:30 PM,"254 W 29th St, New York, NY 10001, USA",https://magnettheater.com/show/60650/,"comedy, improv, unscripted, interactive, energetic, groups, improvised-musical, audience-participation"
Magnet Theater,The Friday Night Sh*w,"The Friday Night Sh*w invites audience members to offer their repressed rants and confessions to fuel a fast-paced brawl of hilarity, performed by a rotating cast of NYC improvisers. Audience submissions may be used anonymously to inspire scenes.",$17,2026-05-01,9:00 PM,"254 W 29th St, New York, NY 10001, USA",https://magnettheater.com/show/60651/,"comedy, improv, unscripted, energetic, rowdy, groups, audience-participation, confessions, fast-paced"
Magnet Theater,Spaghetti Presents: One-Hour Photo,"World-famous improv team Spaghetti asks audience members to send a safe-for-work photo, then interviews the photographer and performs improvised scenes based on the photo and interview. A playful, audience-driven improv show.",$10,2026-05-01,10:30 PM,"254 W 29th St, New York, NY 10001, USA",https://magnettheater.com/show/60686/,"comedy, improv, unscripted, interactive, energetic, groups, audience-participation, photo-improv"
Magnet Theater,Advanced Improv Level 1 Class Show,Graduates of Advanced Improv Level 1 take the stage and showcase what they've learned in this student performance. Short-form and long-form improvisation performed by class ensembles.,$5,2026-05-02,4:30 PM,"254 W 29th St, New York, NY 10001, USA",https://magnettheater.com/show/60382/,"comedy, improv, unscripted, sketch, energetic, interactive, groups, student-performers, class-showcase"
Magnet Theater,Advanced Improv Level 1 Class Show,Graduates of Advanced Improv Level 1 take the stage and showcase what they've learned in this student performance. Short-form and long-form improvisation performed by class ensembles.,$5,2026-05-02,6:00 PM,"254 W 29th St, New York, NY 10001, USA",https://magnettheater.com/show/60386/,"comedy, improv, unscripted, sketch, energetic, interactive, groups, student-performers, improv-show"
Magnet Theater,The Armando Diaz Experience,"The Armando Diaz Experience features a guest monologist whose true stories are brought to life by a rotating cast of improv all‑stars. A long-running, high-level improvised show known for bold, inventive scenes.",$17,2026-05-02,7:30 PM,"254 W 29th St, New York, NY 10001, USA",https://magnettheater.com/show/60634/,"comedy, improv, monologue, unscripted, energetic, adults, groups, storytelling, sketch-based"
Magnet Theater,Trike,"Trike is a late-night improv duo show praised by the New York Times for its layered, playful physical transformation and careful scenework. A two-person improv performance delivering detailed, fast-paced scenes.",$17,2026-05-02,9:00 PM,"254 W 29th St, New York, NY 10001, USA",https://magnettheater.com/show/60635/,"comedy, improv, sketch, late-night, energetic, adults, physical-comedy, improv-duo, scenework"
Village Underground,Comedy Cellar Lineup,Stand-up comedy show presented by the Comedy Cellar featuring the nightly lineup (performers vary). Individual comedian appearances are subject to change.,$18.00,2026-04-30,7:30 PM,"130 W 3rd St, New York, NY 10012, USA",http://thevillageunderground.com/,"comedy, stand-up, humor, comedian, energetic, adults, casual, comedy-lineup, live-performers"
Village Underground,Comedy Cellar Lineup,Stand-up comedy show presented by the Comedy Cellar featuring the nightly lineup (performers vary). Individual comedian appearances are subject to change.,$18.00,2026-04-30,9:30 PM,"130 W 3rd St, New York, NY 10012, USA",http://thevillageunderground.com/,"comedy, stand-up, humor, comedian, energetic, adults, late-night, comedy-lineup, live-stand-up"
Village Underground,Comedy Cellar Lineup,Stand-up comedy show presented by the Comedy Cellar featuring the nightly lineup (performers vary). Individual comedian appearances are subject to change.,$18.00,2026-04-30,11:30 PM,"130 W 3rd St, New York, NY 10012, USA",http://thevillageunderground.com/,"comedy, stand-up, comedian, humor, intimate, energetic, adults, groups, nightly-lineup, live-stand-up"
Village Underground,Comedy Cellar Lineup,Stand-up comedy show presented by the Comedy Cellar featuring the nightly lineup (performers vary). Individual comedian appearances are subject to change.,$25.00,2026-05-01,6:00 PM,"130 W 3rd St, New York, NY 10012, USA",http://thevillageunderground.com/,"comedy, stand-up, humor, comedian, energetic, adults, late-night, comedy-lineup, stand-up-comedy"
Village Underground,Comedy Cellar Lineup,Stand-up comedy show presented by the Comedy Cellar featuring the nightly lineup (performers vary). Individual comedian appearances are subject to change.,$25.00,2026-05-01,8:00 PM,"130 W 3rd St, New York, NY 10012, USA",http://thevillageunderground.com/,"comedy, stand-up, humor, late-night, casual, adults, comedian-lineup, drop-in-comedy"
Village Underground,Comedy Cellar Lineup,Stand-up comedy show presented by the Comedy Cellar featuring the nightly lineup (performers vary). Individual comedian appearances are subject to change.,$25.00,2026-05-01,10:00 PM,"130 W 3rd St, New York, NY 10012, USA",http://thevillageunderground.com/,"comedy, stand-up, humor, comedian, energetic, adults, late-night, comedy-lineup, live-stand-up"
Village Underground,Comedy Cellar Lineup,Stand-up comedy show presented by the Comedy Cellar featuring the nightly lineup (performers vary). Individual comedian appearances are subject to change.,$25.00,2026-05-01,11:55 PM,"130 W 3rd St, New York, NY 10012, USA",http://thevillageunderground.com/,"comedy, stand-up, humor, comedian, late-night, energetic, adults, comedy-lineup, stand-up-comics"
Village Underground,Comedy Cellar Lineup,Stand-up comedy show presented by the Comedy Cellar featuring the nightly lineup (performers vary). Individual comedian appearances are subject to change.,$25.00,2026-05-02,6:00 PM,"130 W 3rd St, New York, NY 10012, USA",http://thevillageunderground.com/,"comedy, stand-up, humor, comedian, energetic, adults, late-night, comedy-lineup, live-stand-up"
Village Underground,Comedy Cellar Lineup,Stand-up comedy show presented by the Comedy Cellar featuring the nightly lineup (performers vary). Individual comedian appearances are subject to change.,$25.00,2026-05-02,8:00 PM,"130 W 3rd St, New York, NY 10012, USA",http://thevillageunderground.com/,"comedy, stand-up, humor, comedian, energetic, adults, late-night, stand-up-lineup, comedy-cellar"
Village Underground,Comedy Cellar Lineup,Stand-up comedy show presented by the Comedy Cellar featuring the nightly lineup (performers vary). Individual comedian appearances are subject to change.,$25.00,2026-05-02,10:00 PM,"130 W 3rd St, New York, NY 10012, USA",http://thevillageunderground.com/,"comedy, stand-up, humor, comedian, energetic, adults, late-night, comedy-lineup, live-comedy"
Village Underground,Comedy Cellar Lineup,Stand-up comedy show presented by the Comedy Cellar featuring the nightly lineup (performers vary). Individual comedian appearances are subject to change.,$25.00,2026-05-02,11:55 PM,"130 W 3rd St, New York, NY 10012, USA",http://thevillageunderground.com/,"comedy, stand-up, humor, comedian, energetic, adults, comedy-lineup, nightly-shows"
Prohibition,Alex Miller duo,"Alex Miller moved to New York from Ohio in 2009 and is a regular in the New York bar-gig scene, playing a wide variety of covers from classic rock and folk to modern pop. He frequently takes requests and performs an energetic, crowd-friendly set.",N/A,2026-04-30,8:30 PM,"503 Columbus Ave, New York, NY 10024, USA",https://prohibition.net/,"comedy, live_music, acoustic, energetic, casual, groups, cover-songs, crowd-friendly"
Prohibition,BUSHKILL,"BUSHKILL are a rock band serving up pop-punk hits, party anthems, and singalongs you know by heart. They deliver a high-energy show designed to get the crowd involved.",N/A,2026-05-01,9:30 PM,"503 Columbus Ave, New York, NY 10024, USA",https://prohibition.net/,"comedy, live_music, rock, pop-punk, energetic, rowdy, groups, singalongs, party-anthems"
Prohibition,The Memory Pain,"Memory Pain is a cover band playing rock, pop, emo, and alternative hits from the 90s through today. They perform an upbeat set of familiar songs aimed at a lively audience.",N/A,2026-05-02,9:30 PM,"503 Columbus Ave, New York, NY 10024, USA",https://prohibition.net/,comedy
Comedy Shop,Thursday Comedy Show 10pm,10pm comedy show featuring a rotating lineup of comedians. Seating begins at 9:45pm and there is a two-item minimum per person.,$15.00,2026-04-30,10:00 PM,"167 Bleecker St, New York, NY 10012, USA",https://www.comedyshopnyc.com/store/event/thursday-comedy-show-10pm-2/,"comedy, stand-up, humor, late-night, energetic, groups, adults, rotating-lineup, two-drink-minimum"
Comedy Shop,Friday: Primetime Comedy 8pm,8pm primetime comedy show with a rotating cast of performers. Seating begins at 7:45pm and there is a two-item minimum per person.,$20.00,2026-05-01,8:00 PM,"167 Bleecker St, New York, NY 10012, USA",https://www.comedyshopnyc.com/store/event/friday-primetime-comedy-8pm-1/,"comedy, stand-up, humor, energetic, casual, groups, date-night, primetime-comedy"
Comedy Shop,Friday: Primetime Comedy 10pm,10pm primetime comedy show featuring a rotating lineup. Seating begins at 9:45pm and there is a two-item minimum per person.,$20.00,2026-05-01,10:00 PM,"167 Bleecker St, New York, NY 10012, USA",https://www.comedyshopnyc.com/store/event/friday-primetime-comedy-10pm-2/,"comedy, stand-up, humor, late-night, energetic, groups, adults, rotating-lineup, primetime-show"
Comedy Shop,Friday: Primetime Comedy 12am,Midnight comedy show (listed as 11:30 PM start) with a rotating lineup of performers. Seating begins at 11:45pm and there is a two-item minimum per person.,$20.00,2026-05-01,11:30 PM,"167 Bleecker St, New York, NY 10012, USA",https://www.comedyshopnyc.com/store/event/friday-primetime-comedy-12am/,"comedy, stand-up, late-night, energetic, groups, midnight-show, rotating-lineup"
Comedy Shop,Saturday Night Comedy 6pm,6pm comedy show featuring the house/rotating comedians. Seating begins at 5:45pm and there is a two-item minimum per person.,$15.00,2026-05-02,6:00 PM,"167 Bleecker St, New York, NY 10012, USA",https://www.comedyshopnyc.com/store/event/saturday-night-comedy-6pm-2/,"comedy, stand-up, humor, comedian, energetic, groups, adults, live-comedy, rotating-lineup"
Comedy Shop,Saturday Night Comedy 8pm,8pm Saturday night comedy show with a rotating lineup of performers. Seating begins at 7:45pm and there is a two-item minimum purchase required per person.,$20.00,2026-05-02,8:00 PM,"167 Bleecker St, New York, NY 10012, USA",https://www.comedyshopnyc.com/store/event/saturday-night-comedy-8pm-1/,"comedy, stand-up, humor, energetic, rowdy, groups, adults, saturday-night, rotating-lineup"
West Side Comedy Club,Friday Shows,"A regular Friday comedy showcase featuring a rotating lineup of stand-up comedians performing short sets. Lineup for this date includes Teresa DeGaetano, Sarah Tollemache, Myq Kaplan, Sharief Johnson, Anthony Moore, and Aaron Berg.",N/A,2026-05-01,8:00 PM,"201 W 75th St, New York, NY 10023, USA",https://www.comedytickets.com/events/447707,"comedy, stand-up, humor, comedian, energetic, adults, groups, live-comedy, friday-night"
West Side Comedy Club,CURRENT OFFENSES,"A themed comedy show where established comics perform curated sets; this edition features Matt Ruby, Charles McBee, and Brian Scott McFadden. Expect an energetic late-night showcase with rotating guests.",N/A,2026-05-01,10:00 PM,"201 W 75th St, New York, NY 10023, USA",https://www.comedytickets.com/events/446860,"comedy, stand-up, humor, late-night, energetic, adults, groups, comedy-showcase, rotating-guests"
West Side Comedy Club,FUNY New Talent Showcase,FUNY's New Talent Showcase highlights emerging stand-up comedians performing short sets to work on new material. A great opportunity to see up-and-coming comics in an intimate club setting.,N/A,2026-05-02,6:00 PM,"201 W 75th St, New York, NY 10023, USA",https://www.comedytickets.com/events/531505,"comedy, stand-up, humor, comedian, intimate, groups, emerging-comics, new-material"
West Side Comedy Club,Saturday Favs,Saturday night showcase featuring a rotating lineup of favorite local and touring comedians; this 8:00 PM set lists Rich Aronovitch and Daniel Simonsen. Expect a full evening of stand-up from diverse performers.,N/A,2026-05-02,8:00 PM,"201 W 75th St, New York, NY 10023, USA",https://www.comedytickets.com/events/447582,"comedy, stand-up, humor, comedian, energetic, adults, diverse-comedians, rotating-lineup"
West Side Comedy Club,Saturday Favs,"Late-night edition of Saturday Favs with a large lineup including Chase DuRousseau, Ariel Elias, Adam Mamawala, Akeem Woods, Mariel Jimenez, and Max Manticof. A high-energy late set featuring both headliners and featured comics.",N/A,2026-05-02,10:00 PM,"201 W 75th St, New York, NY 10023, USA",https://www.comedytickets.com/events/447537,"comedy, stand-up, comedian, late-night, energetic, rowdy, groups, adults, saturday-night, headliners"
Gotham Comedy Club NYC,The Gotham All-Stars,"A professional showcase featuring comics from Netflix, Showtime, HBO, The Daily Show, The Tonight Show, Late Night, The Late Show, The Late Late Show and various TV shows and films. All tables are shared and there is a two-drink minimum; lineups are subject to change.",$20.00,2026-04-30,8:00 PM,"208 W 23rd St, New York, NY 10011, USA",https://events.leapevents.com/event/the-gotham-all-stars2526ntpl0c5,"comedy, stand-up, comedian, energetic, adults, showcase, professional-comics"
Gotham Comedy Club NYC,The Gotham All-Stars (The Vintage Lounge),"This show is held downstairs in The Vintage Lounge at Gotham Comedy Club. A professional showcase featuring comics from Netflix, Showtime, HBO, The Daily Show, The Tonight Show, Late Night, The Late Show, The Late Late Show and various TV shows and films.",$28.00,2026-05-01,6:30 PM,"208 W 23rd St, New York, NY 10011, USA",https://events.leapevents.com/event/the-gotham-all-stars-the-vintage-lounge-26hsllasf,"comedy, stand-up, comedian, late-night, energetic, adults, professional-comics, showcase"
Gotham Comedy Club NYC,The Gotham All-Stars,"A professional showcase featuring comics from Netflix, Showtime, HBO, The Daily Show, The Tonight Show, Late Night, The Late Show, The Late Late Show and various TV shows and films. All tables are shared and there is a two-drink minimum; lineups are subject to change.",$28.00,2026-05-01,7:30 PM,"208 W 23rd St, New York, NY 10011, USA",https://events.leapevents.com/event/the-gotham-all-stars2526iic6hv9,"comedy, stand-up, comedian, energetic, adults, professional-comics, TV-stars"
Gotham Comedy Club NYC,The Gotham All-Stars (The Vintage Lounge),"This show is held downstairs in The Vintage Lounge at Gotham Comedy Club. A professional showcase featuring comics from Netflix, Showtime, HBO, The Daily Show, The Tonight Show, Late Night, The Late Show, The Late Late Show and various TV shows and films.",$28.00,2026-05-01,8:30 PM,"208 W 23rd St, New York, NY 10011, USA",https://events.leapevents.com/event/the-gotham-all-stars-the-vintage-lounge-26ms4rwvm,"comedy, stand-up, comedian, late-night, energetic, adults, groups, netflix-comedians, professional-showcase"
Gotham Comedy Club NYC,The Gotham All-Stars,"A professional showcase featuring comics from Netflix, Showtime, HBO, The Daily Show, The Tonight Show, Late Night, The Late Show, The Late Late Show and various TV shows and films. All tables are shared and there is a two-drink minimum; lineups are subject to change.",$28.00,2026-05-01,10:00 PM,"208 W 23rd St, New York, NY 10011, USA",https://events.leapevents.com/event/the-gotham-all-stars2526yqtrlnz,"comedy, stand-up, sketch, energetic, rowdy, adults, groups, professional-comics, tv-showcase"
Gotham Comedy Club NYC,The Gotham All-Stars,"A professional showcase featuring comics from Netflix, Showtime, HBO, The Daily Show, The Tonight Show, Late Night, The Late Show, The Late Late Show and various TV shows and films. All tables are shared and there is a two-drink minimum; lineups are subject to change.",$28.00,2026-05-02,6:00 PM,"208 W 23rd St, New York, NY 10011, USA",https://events.leapevents.com/event/the-gotham-all-stars2526vbkexmh,"comedy, stand-up, comedian, energetic, adults, showcase, professional-comics"
Gotham Comedy Club NYC,The Gotham All-Stars (The Vintage Lounge),"This show is held downstairs in The Vintage Lounge at Gotham Comedy Club. A professional showcase featuring comics from Netflix, Showtime, HBO, The Daily Show, The Tonight Show, Late Night, The Late Show, The Late Late Show and various TV shows and films.",$28.00,2026-05-02,7:00 PM,"208 W 23rd St, New York, NY 10011, USA",https://events.leapevents.com/event/the-gotham-all-stars-the-vintage-lounge-26x57sbie,"comedy, stand-up, comedian, energetic, late-night, adults, groups, netflix-comics, professional-showcase"
Gotham Comedy Club NYC,The Gotham All-Stars,"A professional showcase featuring comics from Netflix, Showtime, HBO, The Daily Show, The Tonight Show, Late Night, The Late Show, The Late Late Show and various TV shows and films. All tables are shared and there is a two-drink minimum; lineups are subject to change.",$28.00,2026-05-02,8:00 PM,"208 W 23rd St, New York, NY 10011, USA",https://events.leapevents.com/event/the-gotham-all-stars2526xjb4v2c,"comedy, stand-up, comedian, energetic, rowdy, groups, professional-comics, tv-showcase"
Gotham Comedy Club NYC,The Gotham All-Stars (The Vintage Lounge),"This show is held downstairs in The Vintage Lounge at Gotham Comedy Club. A professional showcase featuring comics from Netflix, Showtime, HBO, The Daily Show, The Tonight Show, Late Night, The Late Show, The Late Late Show and various TV shows and films.",$28.00,2026-05-02,9:00 PM,"208 W 23rd St, New York, NY 10011, USA",https://events.leapevents.com/event/the-gotham-all-stars-the-vintage-lounge-26asr1ohj,"comedy, stand-up, comedian, energetic, late-night, adults, groups, netflix-comics, professional-showcase"
Gotham Comedy Club NYC,The Gotham All-Stars,"A professional showcase featuring comics from Netflix, Showtime, HBO, The Daily Show, The Tonight Show, Late Night, The Late Show, The Late Late Show and various TV shows and films. All tables are shared and there is a two-drink minimum; lineups are subject to change.",$28.00,2026-05-02,10:30 PM,"208 W 23rd St, New York, NY 10011, USA",https://events.leapevents.com/event/the-gotham-all-stars2526wyhrb90,"comedy, stand-up, humor, comedian, energetic, adults, groups, netflix-comics, professional-showcase"
The PIT,THURSDAY IN N’ OUT IMPROV JAM,"A drop-in improv jam where performers sign up and take the stage to play short-form/improv games. Casual, first-come-first-serve format with a host and guest host.",$5,2026-04-30,6:00 PM,"154 W 29th St, New York, NY 10001, USA",https://thepit-nyc.com/events/thursday-in-n-out-improv-jam/,"comedy, improv, unscripted, energetic, casual, groups, improv-jam, drop-in"
The PIT,PIT ENSEMBLES,Live long-form and musical improvisation performed by The PIT house teams; one ticket includes entry to both PIT Ensembles shows that night. Features rotating house teams and coached performances.,$10,2026-04-30,7:00 PM,"154 W 29th St, New York, NY 10001, USA",https://thepit-nyc.com/events/pit-ensembles/,"comedy, improv, sketch, unscripted, energetic, groups, live-improvisation, house-teams"
The PIT,PIT ENSEMBLES,Live long-form and musical improvisation performed by The PIT house teams; one ticket includes entry to both PIT Ensembles shows that night. Features rotating house teams and coached performances.,$10,2026-04-30,8:00 PM,"154 W 29th St, New York, NY 10001, USA",https://thepit-nyc.com/events/pit-ensembles/,"comedy, improv, unscripted, musical-improv, energetic, groups, solo-friendly, long-form-improv, house-teams"
The PIT,Character Study,A character-comedy showcase featuring performers (including UCB alumni) performing character pieces hosted by Eric Fuerer. Expect character-driven bits and graduation-style showcases of new talent.,N/A,2026-04-30,7:30 PM,"154 W 29th St, New York, NY 10001, USA",https://thepit.my.salesforce-sites.com/ticket/,"comedy, sketch, character-comedy, unscripted, energetic, groups, showcase, UCB-alumni"
The PIT,Freshly Squeezed,"A troupe exploring absurd and adventurous long-form improv; the show features special guests and ensemble performers. Fast-paced, surreal improvisational comedy.",N/A,2026-04-30,9:15 PM,"154 W 29th St, New York, NY 10001, USA",https://thepit.my.salesforce-sites.com/ticket/,"comedy, improv, sketch, unscripted, energetic, groups, absurd-comedy, long-form-improv"
The PIT,Thursday Musical Jam!,An open musical-improv jam inviting players to turn improvised scenes into spontaneous songs; newcomers and veterans are welcome. Family-friendly musical improv where no singing experience is required.,$10,2026-04-30,9:15 PM,"154 W 29th St, New York, NY 10001, USA",https://thepit-nyc.com/events/musical-improv-jam/,"comedy, improv, musical-improv, unscripted, energetic, casual, groups, solo-friendly, open-mic, jam-session"
The PIT,Friday Feel-GOOD IMPROV JAM,"An upbeat community improv jam to start the weekend, open to all experience levels and hosted by John T. Haller and Lane Napper. Short-form improv practice in a supportive environment.",$5,2026-05-01,5:00 PM,"154 W 29th St, New York, NY 10001, USA",https://thepit-nyc.com/events/improv-jam/,"comedy, improv, unscripted, energetic, casual, groups, solo-friendly, improv-jam, community"
The PIT,OFF YOUR ROCKER CHARACTER & CLOWN MIC,"A character and clown open mic for developing and workshopping characters and clown bits, hosted by Leah Laoch. In-person signups, first-come-first-serve.",$5,2026-05-01,6:30 PM,"154 W 29th St, New York, NY 10001, USA",https://thepit-nyc.com/events/rocker/,"comedy, open-mic, improv, sketch, casual, energetic, groups, character-workshop, clown-bits"
The PIT,Shadows Over Cheek City: A Classic Mystery from the Lost Case Files of Detective Butt Deadly,"An improvised, theatrically-styled mystery evening filled with nostalgic crime drama and live music; performed by a six-person ensemble. A satirical and cinematic improv mystery experience.",N/A,2026-05-01,7:00 PM,"154 W 29th St, New York, NY 10001, USA",https://thepit.my.salesforce-sites.com/ticket/,"comedy, improv, sketch, interactive, energetic, groups, mystery-improv, noir-parody, ensemble-comedy"
The PIT,Obi Comedy Hour,"A stand-up showcase curated by Obi O’Brien featuring NYC comedians in a fast, varied line-up. Raw, unfiltered stand-up and comedic performances.",N/A,2026-05-01,8:00 PM,"154 W 29th St, New York, NY 10001, USA",https://thepit.my.salesforce-sites.com/ticket/,"comedy, stand-up, humor, comedian, energetic, adults, groups, unfiltered-comedy, comedy-showcase"
The PIT,PEOPLES SKETCH REVUES presents: MUSICAL!,A sketch revue series featuring musical sketch team BACKGROUND NOISE and other sketch groups; directed by JQ Hennessy. A showcase of musical and sketch comedy from house teams.,N/A,2026-05-01,8:30 PM,"154 W 29th St, New York, NY 10001, USA",https://thepit.my.salesforce-sites.com/ticket/,"comedy, sketch, musical-comedy, energetic, interactive, groups, sketch-revue, house-teams"
The PIT,The Secret Mic,A late-night secret/open mic featuring a rotating lineup of performers; admission requires $5 plus a one-drink minimum. Late-night comedy showcase and open mic culture.,$5 + ONE DRINK MINIMUM,2026-05-01,11:30 PM,"154 W 29th St, New York, NY 10001, USA",https://thepit-nyc.com/events/the-secret-mic/,"comedy, open-mic, stand-up, late-night, underground, groups, casual, secret-lineup, comedy-showcase"
The PIT,The Saturday Jam,"A weekend improv jam to get some improv in, open to players and audiences alike. Casual jam format with $5 cash at the door.",$5,2026-05-02,5:45 PM,"154 W 29th St, New York, NY 10001, USA",https://thepit-nyc.com/events/the-saturday-jam/,"comedy, improv, unscripted, casual, interactive, groups, improv-jam, affordable"
The PIT,Ladies Stand-Up! (Men Sit Down) Open Mic,"An inclusive weekly open mic for women and gender-minority performers to stand up and try new material; all are welcome to attend. Signups are first-come, and there is a $5 cash fee.",$5,2026-05-02,6:30 PM,"154 W 29th St, New York, NY 10001, USA",https://thepit-nyc.com/events/ladies-stand-up-men-sit-down-open-mic/,"comedy, stand-up, open-mic, humor, energetic, inclusive, groups, women-performers, gender-inclusive"
The PIT,DUH! and All She Wrote,"A double-bill sketch show: DUH! (a monthly sketch group) paired with All She Wrote, a sketch series written and performed primarily by women with one featured man. Sketch comedy night with rotating casts.",N/A,2026-05-02,7:00 PM,"154 W 29th St, New York, NY 10001, USA",https://thepit.my.salesforce-sites.com/ticket/,"comedy, sketch, humor, energetic, casual, groups, rotating-cast, sketch-comedy"
The PIT,Awkward Family Dinner,"A fully improvised 45-minute play portraying the most awkward of family dinners, performed by an ensemble cast. The show delivers character-driven, scene-based comedic storytelling.",N/A,2026-05-02,8:30 PM,"154 W 29th St, New York, NY 10001, USA",https://thepit.my.salesforce-sites.com/ticket/,"comedy, improv, sketch, unscripted, energetic, groups, character-driven, family-dinner-comedy"
The PIT,DUCK SHOW,"A late-night stand-up showcase with comedy, characters, music, and a raffle for a duck-themed gift basket. A lively variety-style comedy showcase.",N/A,2026-05-02,9:30 PM,"154 W 29th St, New York, NY 10001, USA",https://thepit.my.salesforce-sites.com/ticket/,"comedy, stand-up, sketch, energetic, rowdy, groups, late-night, variety-show, duck-themed"
New York Comedy Club - East Village,"Mike Britt, Eagle Witt, Adam Ferrara, Jessica Levin",A downtown East Village stand-up showcase featuring a mix of club favorites and guest comedians. The page advertises the classic NYC stand-up experience with multiple performers and surprise drop-ins.,N/A,2026-04-30,10:15 PM,"85 E 4th St, New York, NY 10003, USA",https://newyorkcomedyclub.com/events/mike-britt-eagle-witt-adam-ferrara-jessica-levin,"comedy, stand-up, humor, comedian, energetic, adults, late-night, stand-up-showcase, surprise-guests"
New York Comedy Club - East Village,"Eagle Witt, Dante Nero, Kaneez Surka, Jake Velazquez","An East Village evening showcase of stand-up featuring established and up-and-coming comics. The club highlights an intimate, fast-paced show with potential surprise drop-ins.",$53.68,2026-05-01,8:00 PM,"85 E 4th St, New York, NY 10003, USA",https://newyorkcomedyclub.com/events/eagle-witt-dante-nero-kaneez-surka-jake-velazquez,"comedy, stand-up, humor, comedian, intimate, energetic, adults, groups, stand-up-showcase, surprise-guests"
New York Comedy Club - East Village,"Erin Jackson, Seaton Smith, James Mattern, Phil Duckett",Late-night East Village stand-up showcase featuring a lineup of comedians and club favorites. The event page lists ticketing and seating options for the show.,$53.68,2026-05-01,10:30 PM,"85 E 4th St, New York, NY 10003, USA",https://newyorkcomedyclub.com/events/erin-jackson-seaton-smith-james-mattern-phil-duckett,"comedy, stand-up, humor, late-night, energetic, adults, comedian-lineup, stand-up-showcase"
New York Comedy Club - East Village,"Judah Friedlander, Marina Franklin, Michele Durante, Shafi Hossain","A matinee/early-evening East Village show described as a mix of fresh faces, club favorites, and citywide stars. Tickets are listed with general admission and premium seating options.",$47.16,2026-05-02,5:30 PM,"85 E 4th St, New York, NY 10003, USA",https://newyorkcomedyclub.com/events/judah-friedlander-marina-franklin-michele-durante-shafi-hossain,"comedy, stand-up, humor, comedian, energetic, adults, groups, comedy-show, multi-comic-lineup"
New York Comedy Club - East Village,"Dean Edwards, Marion Grodin, Ayanna Dookie, Kunal C. Arora",An East Village evening showcase featuring national and local stand-up comedians. The event page offers general admission and premium seating with purchase details.,$53.68,2026-05-02,8:00 PM,"85 E 4th St, New York, NY 10003, USA",https://newyorkcomedyclub.com/events/dean-edwards-marion-grodin-ayanna-dookie-kunal-c-arora,"comedy, stand-up, humor, comedian, energetic, adults, groups, comedy-showcase, east-village-comedy"
New York Comedy Club - Midtown,"Adam Gilbert, Reg Thomas, Subhah Agarwal, Tyler Groce, Mike Britt","Get the authentic NYC stand up comedy experience at New York Comedy Club with a fast-paced showcase of top-tier comics and up-and-comers. Expect surprise drop-ins and a lively, intimate atmosphere.",$30.85,2026-04-30,10:30 PM,"241 E 24th St, New York, NY 10010, USA",https://newyorkcomedyclub.com/events/adam-gilbert-reg-thomas-subhah-agarwal-tyler-groce-mike-britt,"comedy, stand-up, humor, sketch, energetic, intimate, adults, groups, comedy-showcase, live-comedians"
New York Comedy Club - Midtown,"ITMATTERS ft: Santi Espinosa, Sonya Vai, Dave Columbo, Ben Rosenfeld, Erin Maguire",A nightly showcase of the best comedians in the city featuring hot up-and-comers and surprise celebrity drop-ins. Enjoy authentic NYC stand-up in an intimate club setting.,$53.68,2026-05-01,7:00 PM,"241 E 24th St, New York, NY 10010, USA",https://newyorkcomedyclub.com/events/itmatters-ft-santi-espinosa-sonya-vai-dave-columbo-ben-rosenfeld-erin-maguire,"comedy, stand-up, humor, comedian, intimate, energetic, adults, groups, live-comedy, showcase"
New York Comedy Club - Midtown,"Seaton Smith, Eleanor Kerrigan, James Mattern, Tom Cassidy","Enjoy a nightly showcase of top comedians, up-and-comers, and the occasional surprise guest. The show offers fast-paced stand-up in a classic New York club environment.",$53.68,2026-05-01,9:15 PM,"241 E 24th St, New York, NY 10010, USA",https://newyorkcomedyclub.com/events/seaton-smith-eleanor-kerrigan-james-mattern-tom-cassidy,"comedy, stand-up, humor, comedian, energetic, adults, late-night, stand-up-showcase, surprise-guests"
New York Comedy Club - Midtown,"Jared Harvin, Jessica Levin, Tom Cassidy, Julia Kastner, Salma Zaky","A late-night showcase featuring a lineup of NYC comics and touring talent. Expect sharp stand-up in an intimate, high-energy room.",$36.29,2026-05-01,11:30 PM,"241 E 24th St, New York, NY 10010, USA",https://newyorkcomedyclub.com/events/jared-harvin-jessica-levin-tom-cassidy-julia-kastner-salma-zaky,"comedy, stand-up, humor, comedian, late-night, energetic, intimate, adults, showcase"
New York Comedy Club - Midtown,Matinee with Ry Daddy,"A matinee mix of fresh faces, club favorites, and citywide stars — a perfect early-evening comedy fix. Skip out early and enjoy a lively, shortened showcase.",$42.81,2026-05-02,5:00 PM,"241 E 24th St, New York, NY 10010, USA",https://newyorkcomedyclub.com/events/matinee-with-ry-daddy-2026-03-23154428,"comedy, stand-up, humor, energetic, casual, groups, afternoon-comedy, shortened-showcase"
New York Comedy Club - Midtown,"Marina Franklin, Kunal C. Arora & More!","A curated showcase featuring established and rising comedians, including touring headliners. Expect a diverse lineup and classic NYC stand-up energy.",$53.68,2026-05-02,7:00 PM,"241 E 24th St, New York, NY 10010, USA",https://newyorkcomedyclub.com/events/marina-franklin-kunal-c-arora-more,"comedy, stand-up, humor, comedian, energetic, adults, groups, showcase, headliners"
New York Comedy Club - Midtown,"Marie Faustin, Adam Ferrara, Neko White, Julio Diaz",A lively showcase featuring a mix of well-known headliners and standout club favorites. Enjoy a night of diverse comedic voices in an intimate setting.,$53.68,2026-05-02,9:15 PM,"241 E 24th St, New York, NY 10010, USA",https://newyorkcomedyclub.com/events/marie-faustin-adam-ferrara-neko-white-julio-diaz,"comedy, stand-up, humor, comedian, intimate, energetic, adults, groups, comedy-showcase, headliners"
The Stand,"The Stand Presents: Oscar Aydin, Sienna Hubert-Ross, Michael Longfellow, & More!","A multi-comedian lineup featuring Oscar Aydin, Sienna Hubert-Ross, Michael Longfellow and others performing in the Upstairs room. Standard club rules and age restrictions apply.",$30.00,2026-05-01,7:00 PM,"116 E 16th St, New York, NY 10003, USA",https://thestandnyc.com/shows/show/12931/2026-05-01-190000-the-stand-presents-oscar-aydin-sienna-hubert-ross-marito-lopez-more,"comedy, stand-up, comedian, humor, energetic, adults, late-night, comedy-lineup, stand-up-comedy"
The Stand,"The Stand Presents: Bonnie McFarlane, Paul Virzi, Aaron Berg, & More!","A headlining and supporting lineup featuring Bonnie McFarlane, Paul Virzi, Aaron Berg and additional comics in the Main room. Expect a curated evening of stand-up from established and rising performers.",$35.00,2026-05-01,8:00 PM,"116 E 16th St, New York, NY 10003, USA",https://thestandnyc.com/shows/show/12932/2026-05-01-200000-the-stand-presents-bonnie-mcfarlane-paul-virzi-aaron-berg-more,"comedy, stand-up, comedian, humor, energetic, adults, headliner-lineup, multi-comic-night"
The Stand,Outdoor Patio Show,"An outdoor patio comedy show featuring a rotating lineup of comics including Marito Lopez, Tom McGuire, Ola Dada and more. A seasonal patio performance with a casual, al fresco setting.",$25.00,2026-05-01,8:30 PM,"116 E 16th St, New York, NY 10003, USA",https://thestandnyc.com/shows/show/12933/2026-05-01-203000-outdoor-patio-show,"comedy, stand-up, humor, comedian, casual, energetic, groups, outdoor-comedy, patio-show"
The Stand,"The Stand Presents: Paul Virzi, Daniel Bridge-Gadd, Jim Florentine, & More!","A varied Upstairs lineup featuring Paul Virzi, Daniel Bridge-Gadd and Jim Florentine among others. A late-evening show with multiple comics sharing the bill.",$30.00,2026-05-01,9:00 PM,"116 E 16th St, New York, NY 10003, USA",https://thestandnyc.com/shows/show/12934/2026-05-01-210000-the-stand-presents-paul-virzi-daniel-bridge-gadd-jim-florentine-more,"comedy, stand-up, comedian, late-night, energetic, groups, multi-comic, lineup"
The Stand,"The Stand Presents: Jim Florentine, Aaron Berg, Onika McLean, Bonnie McFarlane, & More!","A Main room showcase headlined by Jim Florentine with supporting spots from Aaron Berg, Onika McLean, Bonnie McFarlane and others. Expect high-energy stand-up from well-known and touring comedians.",$35.00,2026-05-01,10:00 PM,"116 E 16th St, New York, NY 10003, USA",https://thestandnyc.com/shows/show/12908/2026-05-01-220000-the-stand-presents,"comedy, stand-up, humor, comedian, energetic, adults, groups, showcase, touring-comics"
The Stand,"The Stand Presents: Rachel Williams, Leonard Ouzts, Andre Kim, Blake Freeman, & More!","An Upstairs late-night lineup featuring Rachel Williams, Leonard Ouzts, Andre Kim, Blake Freeman and additional comics. A mix of rising stars and experienced performers.",$30.00,2026-05-01,11:00 PM,"116 E 16th St, New York, NY 10003, USA",https://thestandnyc.com/shows/show/12935/2026-05-01-230000-the-stand-presents-rachel-williams-leonard-ouzts-andre-kim-blake-freeman-more,"comedy, stand-up, humor, late-night, energetic, adults, comedian-lineup, rising-stars"
The Stand,"The Stand Presents: Andre Kim, Marito Lopez, Blake Freeman, & More!","A late-night Main room show with performers Andre Kim, Marito Lopez, Blake Freeman and others. Ideal for night-owl comedy fans looking for end-of-evening sets.",$20.00,2026-05-01,11:55 PM,"116 E 16th St, New York, NY 10003, USA",https://thestandnyc.com/shows/show/12936/2026-05-01-235500-the-stand-presents-andre-kim-marito-lopez-blake-freeman-more,"comedy, stand-up, humor, late-night, energetic, adults, comedian-lineup, end-of-night-sets"
The Stand,Laughing Buddha Comedy,Laughing Buddha Comedy showcases a diverse lineup of NYC’s best up-and-coming comedians performing alongside established pros. The show offers a lively mix of new talent and familiar faces.,$30.00,2026-05-02,5:00 PM,"116 E 16th St, New York, NY 10003, USA",https://thestandnyc.com/shows/show/12937/2026-05-02-170000-laughing-buddha-comedy,"comedy, stand-up, comedian, energetic, rowdy, groups, adults, up-and-coming-comedians, mixed-lineup"
The Stand,Kyle Lewis Presents: Character Select,"A curated Main room show presented by Kyle Lewis featuring a lineup including Stacy Cay, Del Almo Manny, Daniel Bridge-Gadd and more. Show format highlights diverse comedic voices and character work.",$25.00,2026-05-02,6:00 PM,"116 E 16th St, New York, NY 10003, USA",https://thestandnyc.com/shows/show/12900/2026-05-02-180000-kyle-lewis-presents-character-select,"comedy, stand-up, sketch, character-comedy, energetic, adults, groups, diverse-lineup, character-work"
The Stand,"The Stand Presents: Sienna Hubert-Ross, Andre Kim, Tom McGuire, & More!","An Upstairs lineup featuring Sienna Hubert-Ross, Andre Kim, Tom McGuire and additional comics. A standard multi-comedian set with rotating performers.",$30.00,2026-05-02,7:00 PM,"116 E 16th St, New York, NY 10003, USA",https://thestandnyc.com/shows/show/12938/2026-05-02-190000-the-stand-presents-sienna-hubert-ross-andre-kim-tom-mcguire-more,"comedy, stand-up, humor, comedian, energetic, adults, groups, multi-comedian, rotating-lineup"
The Stand,"The Stand Presents: Pete Lee, Jourdain Fisher, TaTa Sherise, Aaron Berg, & More!","A Main room show headlined by Pete Lee with supporting sets from Jourdain Fisher, TaTa Sherise, Aaron Berg and others. Expect a varied evening of stand-up.",$35.00,2026-05-02,8:00 PM,"116 E 16th St, New York, NY 10003, USA",https://thestandnyc.com/shows/show/12939/2026-05-02-200000-the-stand-presents-pete-lee-tata-sherise-aaron-berg-more,"comedy, stand-up, humor, comedian, energetic, adults, laughs, comedy-show, headliner"
The Stand,Outdoor Patio Show,"Weekend patio comedy featuring performers such as Marito Lopez, Tom McGuire, Oscar Aydin and others. A seasonal outdoor show with a relaxed atmosphere.",$25.00,2026-05-02,8:30 PM,"116 E 16th St, New York, NY 10003, USA",https://thestandnyc.com/shows/show/12944/2026-05-02-203000-outdoor-patio-show,"comedy, stand-up, humor, casual, chill, groups, outdoor-patio, weekend-laughs"
The Stand,"The Stand Presents: Aaron Berg, Bonnie McFarlane, Andre Kim, & More!","An Upstairs lineup featuring Aaron Berg, Bonnie McFarlane, Andre Kim and other comedians. A lively show with both headliners and supporting acts.",$30.00,2026-05-02,9:00 PM,"116 E 16th St, New York, NY 10003, USA",https://thestandnyc.com/shows/show/12945/2026-05-02-210000-the-stand-presents-aaron-berg-bonnie-mcfarlane-andre-kim-more,"comedy, stand-up, humor, comedian, energetic, adults, headliners, comedy-lineup"
The Stand,"The Stand Presents: Bonnie McFarlane, Pete Lee, Aaron Berg, & More!","A Main room show featuring Bonnie McFarlane with Pete Lee, Aaron Berg and others on the bill. Expect polished sets from established performers.",$35.00,2026-05-02,10:00 PM,"116 E 16th St, New York, NY 10003, USA",https://thestandnyc.com/shows/show/12946/2026-05-02-220000-the-stand-presents-bonnie-mcfarlane-pete-lee-aaron-berg-more,"comedy, stand-up, comedian, humor, polished, energetic, adults, groups, comedy-show"
The Stand,"The Stand Presents: Leonard Ouzts, Rachel Williams, Tristan Bowling, & More!","An Upstairs late-night lineup featuring Leonard Ouzts, Rachel Williams, Tristan Bowling and additional comics. A mix of rising talent and seasoned performers.",$30.00,2026-05-02,11:00 PM,"116 E 16th St, New York, NY 10003, USA",https://thestandnyc.com/shows/show/12947/2026-05-02-230000-the-stand-presents-leonard-ouzts-rachel-williams-tristan-bowling-more,"comedy, stand-up, humor, late-night, energetic, adults, comedian-showcase, rising-talent"
The Stand,"The Stand Presents: TaTa Sherise, Blake Freeman, Andre Kim, & More!","A Main room late-night show with TaTa Sherise, Blake Freeman, Andre Kim and others on the bill. A final late set to close out the evening.",$20.00,2026-05-02,11:55 PM,"116 E 16th St, New York, NY 10003, USA",https://thestandnyc.com/shows/show/12948/2026-05-02-235500-the-stand-presents-tata-sherise-blake-freeman-andre-kim-more,"comedy, stand-up, humor, late-night, energetic, adults, groups, comedian-lineup, closing-show"
St. Marks Comedy Club,THURSDAY NIGHT LIVEEEEEE,Weekly Thursday showcase featuring a rotating lineup of local and touring stand-up comedians. A late-evening comedy show at the venue.,N/A,2026-04-30,9:30 PM,"12 St Marks Pl, New York, NY 10003, USA",https://www.tixr.com/groups/stmarkscomedyclub/events/thursday-night-liveeeeee-185392,"comedy, stand-up, comedian, late-night, energetic, groups, rotating-lineup, weekly-showcase"
St. Marks Comedy Club,"AFTER WORK, AFTER CLASS LAUGHS","Early-evening showcase aimed at after-work and student audiences featuring multiple comedians. A shorter, accessible set lineup.
",N/A,2026-05-01,6:30 PM,"12 St Marks Pl, New York, NY 10003, USA",https://www.tixr.com/groups/stmarkscomedyclub/events/after-work-after-class-laughs-185439,"comedy, stand-up, humor, casual, energetic, adults, groups, after-work-comedy, student-friendly"
St. Marks Comedy Club,JARRETT CAMPBELL (JFL just for laughs) and MOREEEE,Stand-up show headlined by Jarrett Campbell (JFL Just For Laughs) with additional performers on the bill. An evening showcase featuring touring and festival comedians.,N/A,2026-05-01,8:30 PM,"12 St Marks Pl, New York, NY 10003, USA",https://www.tixr.com/groups/stmarkscomedyclub/events/jarrett-campbell-jfl-just-for-laughs-and-moreeee-185440,"comedy, stand-up, comedian, humor, energetic, adults, touring-comedians, festival-performers"
St. Marks Comedy Club,"TONY D COMEDY (viral TikToks), CAROLINE HANES (NYComedy Fest), JARRETT CAMPBELL (JFL just for laughs)","Late-night showcase featuring Tony D, Caroline Hanes, Jarrett Campbell and other comedians, including viral and festival performers. A prime late-night comedy lineup.",N/A,2026-05-01,10:30 PM,"12 St Marks Pl, New York, NY 10003, USA",https://www.tixr.com/groups/stmarkscomedyclub/events/tony-d-comedy-viral-tiktoks-caroline-hanes-nycomedy-fest-jarrett-campbell-jfl-just-for-laughs--185441,"comedy, stand-up, humor, late-night, energetic, adults, comedian-showcase, viral-comics"
St. Marks Comedy Club,"MACY KWOK (New York Comedy Festival), CHASE DUROUSSEAU (NetFlix), and MOREEEE","Afternoon/early-evening showcase featuring Macy Kwok, Chase Durousseau and additional performers from festival and TV backgrounds. A mixed bill of established and rising comics.",N/A,2026-05-02,4:30 PM,"12 St Marks Pl, New York, NY 10003, USA",https://www.tixr.com/groups/stmarkscomedyclub/events/macy-kwok-new-york-comedy-festival-chase-durousseau-netflix-and-moreeee-187724,"comedy, stand-up, humor, comedian, energetic, adults, groups, New York Comedy Festival, mixed-bill-showcase"
St. Marks Comedy Club,EARLY SATURDAY COMEDY with Jake Strom (SMCC COMEDY FESTIVAL WINNER),Early Saturday showcase headlined by Jake Strom (SMCC Comedy Festival winner) with a lineup of emerging comedians. A family-friendly earlier-night comedy slot.,N/A,2026-05-02,6:30 PM,"12 St Marks Pl, New York, NY 10003, USA",https://www.tixr.com/groups/stmarkscomedyclub/events/early-saturday-comedy-with-jake-strom-smcc-comedy-festival-winner--185442,"comedy, stand-up, humor, comedian, energetic, families, groups, jake-strom, emerging-comedians"
St. Marks Comedy Club,SATURDAY NIGHT HOTTEST COMEDY SHOW with NEEMA NAZ (JFL just for laughs) and CHRIS BARNES (viral social media sketches),Prime-time Saturday showcase featuring Neema Naz and Chris Barnes alongside other comics; a full evening of stand-up and sketch-influenced performers. Designed as the venue's main Saturday night show.,N/A,2026-05-02,8:30 PM,"12 St Marks Pl, New York, NY 10003, USA",https://www.tixr.com/groups/stmarkscomedyclub/events/saturday-night-hottest-comedy-show-with-neema-naz-jfl-just-for-laughs-and-chris-barnes-viral-social-media-sketches--185443,"comedy, stand-up, sketch, humor, energetic, rowdy, groups, viral-comedy, saturday-night"
St. Marks Comedy Club,"LATE NIGHT LAUGHS IN NYC with Tatiana Frank (DONT TELL COMEDY), Neema Naz (JFL just for laughs)","Late-night comedy show featuring Tatiana Frank, Neema Naz and additional performers in a late slot for adult audiences. Rotating lineup of stand-up and alternative comedy acts.",N/A,2026-05-02,10:30 PM,"12 St Marks Pl, New York, NY 10003, USA",https://www.tixr.com/groups/stmarkscomedyclub/events/late-night-laughs-in-nyc-with-tatiana-frank-dont-tell-comedy-neema-naz-jfl-just-for-laughs--185444,"comedy, stand-up, humor, late-night, energetic, adults, alternative-comedy, rotating-lineup"
The Comic Strip,"Mike Burton (Dry Bary Comedy), Michele Balan (NBC), Jason Choi (Don’t Tell Comedy), Matt Pavich (MTV), Christian Finnegan (Chapelle’s Show), Kareem Green (Showtime), & Steve Marshall (Don’t Behave!)",An evening stand-up showcase featuring multiple comedians from TV and festival circuits. Expect sets from established and rising stand-up performers.,N/A,2026-04-30,8:00 PM,"1568 2nd Ave, New York, NY 10028, USA",https://comicstriplive.com/mike-burton-dry-bary-comedy-michele-balan-nbc-jason-choi-dont-tell-comedy-matt-pavich-mtv-christian-finnegan-chapelles-show-kareem-green-showtime-steve-marshall-dont-behave/,"comedy, stand-up, comedian, energetic, adults, showcase, established-comedians"
The Comic Strip,"Ruperto Vanderpool (Netflix & HBO), Jon Fisch (David Letterman), Sara Contreras (The Latin Diva of Comedy), Connor O’Brien (Don’t Tell Comedy) & JJ Ramirez (Latin Legends of Comedy)",A headline comedy show featuring performers with TV and festival credits. A mix of featured and headlining stand-up sets.,N/A,2026-05-01,8:00 PM,"1568 2nd Ave, New York, NY 10028, USA",https://comicstriplive.com/ruperto-vanderpool-netflix-hbo-jon-fisch-david-letterman-sara-contreras-the-latin-diva-of-comedy-connor-obrien-dont-tell-comedy-jj-ramirez-latin-legends-of-comedy/,"comedy, stand-up, comedian, laughs, energetic, adults, groups, late-night, headline-show, mixed-lineup"
The Comic Strip,"DJ Em’s Show with Ruperto Vanderpool (Netflix & HBO), JJ Ramirez (The Latin Legend of Comedy) & Sara Contreras (The Latin Diva of Comedy)",Late-night stand-up and DJ-hosted show featuring Latin comedy headliners and supporting acts. A high-energy late show atmosphere.,N/A,2026-05-01,10:30 PM,"1568 2nd Ave, New York, NY 10028, USA",https://comicstriplive.com/dj-ems-show-with-ruperto-vanderpool-netflix-hbo-sara-contreras-the-latin-diva-of-comedy/,"comedy, stand-up, humor, late-night, energetic, groups, latin-comedy, DJ-hosted"
The Comic Strip,"Ruperto Vanderpool (Netflix & HBO), Connor O’Brien (Don’t Tell Comedy), Sara Contreras (The Latin Diva of Comedy), Paul Mecurio (The Daily Show with Jon Stewart) & JJ Ramirez (Latin Legends of Comedy)",An evening showcase with well-known and festival-featured comedians. Expect a lineup of varied stand-up styles and headliner performances.,N/A,2026-05-02,8:00 PM,"1568 2nd Ave, New York, NY 10028, USA",https://comicstriplive.com/ruperto-vanderpool-netflix-hbo-connor-obrien-dont-tell-comedy-sara-contreras-the-latin-diva-of-comedy-paul-mecurio-the-daily-show-with-jon-stewart-jj-ramirez-latin-legends-of-comed/,"comedy, stand-up, comedian, humor, energetic, adults, headliner-showcase, diverse-lineup"
The Comic Strip,Kev Adams at The Comic Strip!,A late-night solo show/headline appearance by comedian Kev Adams. Ticketed performance featuring the headliner’s set.,N/A,2026-05-02,10:30 PM,"1568 2nd Ave, New York, NY 10028, USA",https://comicstriplive.com/kev-adams-at-the-comic-strip/,"comedy, stand-up, comedian, late-night, energetic, adults, headline-show, solo-performance"
The Duplex,Little House on the Ferry – The Musical,"An immersive nightclub musical (book, music, and lyrics by Rob Gould) following four friends on Fire Island as they navigate passion, politics, and chosen family; directed by Victoria Rae Sook.",N/A,2026-04-30,7:30 PM,"61 Christopher St, New York, NY 10014, USA",https://www.theduplex.com/cabaret-1,"comedy, sketch, musical-theater, immersive, energetic, adults, groups, fire-island, nightclub-musical"
The Duplex,Sultry Shores – The Cabaret,"A nautical-themed cabaret starring international pop sensation Minoe, featuring cirque performers, comedy, and vibrant vocals celebrating Fire Island-themed nightlife.",N/A,2026-04-30,9:45 PM,"61 Christopher St, New York, NY 10014, USA",https://www.theduplex.com/cabaret-1,"comedy, cabaret, performance, humor, energetic, rowdy, adults, nightlife, drag-cabaret, cirque-performers"
The Duplex,Farandole – The Dance,A late-night themed dance party with DJs and go-go performers designed to fuel weekend revelry in an immersive club atmosphere.,N/A,2026-04-30,11:00 PM,"61 Christopher St, New York, NY 10014, USA",https://www.theduplex.com/cabaret-1,"comedy, DJ, dance-party, energetic, late-night, groups, go-go-performers, weekend-nightlife"
The Duplex,Piano Bar,"Every night beginning at 9:00 PM, Duplex staff pianists and singing bartenders host a nonstop party of music, comedy, and singalongs featuring Broadway and up-and-coming talent.",N/A,2026-04-30,9:00 PM,"61 Christopher St, New York, NY 10014, USA",https://www.theduplex.com/piano-bar,"comedy, karaoke, singalongs, energetic, rowdy, groups, broadway, piano-bar"
The Duplex,Drag Shows (Upstairs @ The Duplex),Upstairs at The Duplex presents drag performances Sunday through Thursday nights in an intimate bar setting featuring NYC drag talent and themed nights.,N/A,2026-04-30,N/A,"61 Christopher St, New York, NY 10014, USA",https://www.theduplex.com/drag-room,"comedy, drag-show, performance, intimate, energetic, adults, groups, nightlife, lgbtq-friendly"
The Duplex,Little House on the Ferry – The Musical,"An immersive nightclub musical (book, music, and lyrics by Rob Gould) following four friends on Fire Island as they navigate passion, politics, and chosen family; directed by Victoria Rae Sook.",N/A,2026-05-01,7:30 PM,"61 Christopher St, New York, NY 10014, USA",https://www.theduplex.com/cabaret-1,"comedy, sketch, musical-theater, immersive, energetic, groups, adults, fire-island, chosen-family"
The Duplex,Sultry Shores – The Cabaret,"A nautical-themed cabaret starring international pop sensation Minoe, featuring cirque performers, comedy, and vibrant vocals celebrating Fire Island-themed nightlife.",N/A,2026-05-01,9:45 PM,"61 Christopher St, New York, NY 10014, USA",https://www.theduplex.com/cabaret-1,"comedy, cabaret, humor, performance, energetic, rowdy, adults, nightlife, drag-cabaret, fire-island-themed"
The Duplex,Farandole – The Dance,A late-night themed dance party with DJs and go-go performers designed to fuel weekend revelry in an immersive club atmosphere.,N/A,2026-05-01,11:00 PM,"61 Christopher St, New York, NY 10014, USA",https://www.theduplex.com/cabaret-1,"comedy, DJ, energetic, rowdy, late-night, groups, dance-party, go-go-performers"
The Duplex,Piano Bar,"Every night beginning at 9:00 PM, Duplex staff pianists and singing bartenders host a nonstop party of music, comedy, and singalongs featuring Broadway and up-and-coming talent.",N/A,2026-05-01,9:00 PM,"61 Christopher St, New York, NY 10014, USA",https://www.theduplex.com/piano-bar,"comedy, karaoke, sing-alongs, Broadway, energetic, groups, piano-bar, singing-bartenders"
The Duplex,Little House on the Ferry – The Musical,"An immersive nightclub musical (book, music, and lyrics by Rob Gould) following four friends on Fire Island as they navigate passion, politics, and chosen family; directed by Victoria Rae Sook.",N/A,2026-05-02,7:30 PM,"61 Christopher St, New York, NY 10014, USA",https://www.theduplex.com/cabaret-1,"comedy, musical-theater, sketch, immersive, energetic, groups, adults, fire-island, chosen-family"
The Duplex,Sultry Shores – The Cabaret,"A nautical-themed cabaret starring international pop sensation Minoe, featuring cirque performers, comedy, and vibrant vocals celebrating Fire Island-themed nightlife.",N/A,2026-05-02,9:45 PM,"61 Christopher St, New York, NY 10014, USA",https://www.theduplex.com/cabaret-1,"comedy, cabaret, sketch, energetic, rowdy, groups, adults, fire-island-themed, cirque-performers"
The Duplex,Farandole – The Dance,A late-night themed dance party with DJs and go-go performers designed to fuel weekend revelry in an immersive club atmosphere.,N/A,2026-05-02,11:00 PM,"61 Christopher St, New York, NY 10014, USA",https://www.theduplex.com/cabaret-1,"comedy, DJ, energetic, late-night, rowdy, groups, dance-party, go-go-performers, club-atmosphere"
The Duplex,Piano Bar,"Every night beginning at 9:00 PM, Duplex staff pianists and singing bartenders host a nonstop party of music, comedy, and singalongs featuring Broadway and up-and-coming talent.",N/A,2026-05-02,9:00 PM,"61 Christopher St, New York, NY 10014, USA",https://www.theduplex.com/piano-bar,"comedy, singalong, broadway, piano-bar, energetic, rowdy, groups, night-out, sing-along, live-entertainment"
The Grisly Pear - Greenwich Village,Midnight Comedy Show at The Grisly Pear Greenwich Village,"As seen on HBO's ""Crashing,"" The Grisly Pear is one of the hottest up-and-coming comedy clubs in the city. Booked by comics, for comics, expect stars from Netflix, HBO, Comedy Central and top up-and-comers.",$23.24,2026-04-30,11:59 PM,"107 MacDougal St, New York, NY 10012, USA",https://www.grislypearstandup.com/events/midnight-comedy-show-at-the-grisly-pear-greenwich-village-04-30-26-11-59-pm,"comedy, stand-up, comedian, late-night, energetic, adults, groups, netflix-comedians, hbo-comics"
The Grisly Pear - Greenwich Village,Comedy Show at The Grisly Pear Greenwich Village,"As seen on HBO's ""Crashing,"" The Grisly Pear is one of the hottest up-and-coming comedy clubs in the city. Booked by comics, for comics, expect stars from Netflix, HBO, Comedy Central and top up-and-comers.",$12.37,2026-05-01,6:00 PM,"107 MacDougal St, New York, NY 10012, USA",https://www.grislypearstandup.com/events/comedy-show-at-the-grisly-pear-greenwich-village-05-01-26-06-00-pm,"comedy, stand-up, comedian, energetic, rowdy, adults, groups, netflix-comedians, hbo-comics"
The Grisly Pear - Greenwich Village,Primetime Comedy Show at The Grisly Pear Greenwich Village,"As seen on HBO's ""Crashing,"" The Grisly Pear is one of the hottest up-and-coming comedy clubs in the city. Booked by comics, for comics, expect stars from Netflix, HBO, Comedy Central and top up-and-comers.",$23.24,2026-05-01,8:00 PM,"107 MacDougal St, New York, NY 10012, USA",https://www.grislypearstandup.com/events/primetime-comedy-show-at-the-grisly-pear-greenwich-village-05-01-26-08-00-pm,"comedy, stand-up, comedian, energetic, adults, netflix-comics, hbo-comedians"
The Grisly Pear - Greenwich Village,Primetime Comedy Show at The Grisly Pear Greenwich Village,"As seen on HBO's ""Crashing,"" The Grisly Pear is one of the hottest up-and-coming comedy clubs in the city. Booked by comics, for comics, expect stars from Netflix, HBO, Comedy Central and top up-and-comers.",$23.24,2026-05-01,10:00 PM,"107 MacDougal St, New York, NY 10012, USA",https://www.grislypearstandup.com/events/primetime-comedy-show-at-the-grisly-pear-greenwich-village-05-01-26-10-00-pm,"comedy, stand-up, comedian, energetic, rowdy, adults, groups, netflix-comedians, hbo-comics"
The Grisly Pear - Greenwich Village,Midnight Primetime Comedy Show at Grisly Pear Classic,"As seen on HBO's ""Crashing,"" The Grisly Pear is one of the hottest up-and-coming comedy clubs in the city. Booked by comics, for comics, expect stars from Netflix, HBO, Comedy Central and top up-and-comers.",$23.24,2026-05-01,11:59 PM,"107 MacDougal St, New York, NY 10012, USA",https://www.grislypearstandup.com/events/midnight-primetime-comedy-show-at-grisly-pear-classic-2026-05-01235900,"comedy, stand-up, comedian, late-night, energetic, adults, netflix-comics, hbo-comedians"
The Grisly Pear - Greenwich Village,6PM Comedy Show at The Grisly Pear Greenwich Village,"As seen on HBO's ""Crashing,"" The Grisly Pear is one of the hottest up-and-coming comedy clubs in the city. Booked by comics, for comics, expect stars from Netflix, HBO, Comedy Central and top up-and-comers.",$12.37,2026-05-02,6:00 PM,"107 MacDougal St, New York, NY 10012, USA",https://www.grislypearstandup.com/events/6pm-comedy-show-at-the-grisly-pear-greenwich-village-2026-05-02180000,"comedy, stand-up, comedian, energetic, sophisticated, adults, groups, HBO-comics, netflix-comedians"
The Grisly Pear - Greenwich Village,8PM Primetime Comedy Show at The Grisly Pear Greenwich Village,"As seen on HBO's ""Crashing,"" The Grisly Pear is one of the hottest up-and-coming comedy clubs in the city. Booked by comics, for comics, expect stars from Netflix, HBO, Comedy Central and top up-and-comers.",$23.24,2026-05-02,8:00 PM,"107 MacDougal St, New York, NY 10012, USA",https://www.grislypearstandup.com/events/8pm-primetime-comedy-show-at-the-grisly-pear-greenwich-village-2026-05-02200000,"comedy, stand-up, comedian, energetic, rowdy, adults, groups, netflix-comics, hbo-comedians"
The Grisly Pear - Greenwich Village,10PM Primetime Comedy Show at The Grisly Pear Greenwich Village,"As seen on HBO's ""Crashing,"" The Grisly Pear is one of the hottest up-and-coming comedy clubs in the city. Booked by comics, for comics, expect stars from Netflix, HBO, Comedy Central and top up-and-comers.",$23.24,2026-05-02,10:00 PM,"107 MacDougal St, New York, NY 10012, USA",https://www.grislypearstandup.com/events/10pm-primetime-comedy-show-at-the-grisly-pear-greenwich-village-2026-05-02220000,"comedy, stand-up, comedian, late-night, energetic, adults, netflix-comics, hbo-comedians"
Greenwich Village Comedy Club,Love Island,"An evening show titled ""Love Island"" presented in the Main Room. Two drink minimum applies; venue policies note 18+ or 13+ with parents and arrival 20 minutes before showtime.",N/A,2026-04-30,7:00 PM,"99 MacDougal St, New York, NY 10012, USA",https://www.greenwichvillagecomedyclub.com/shows/love-island/,"comedy, stand-up, humor, energetic, rowdy, adults, date-night, love-island, evening-show"
Greenwich Village Comedy Club,Stand-up Comedy In New York City.,"NYC’s top comedians from Netflix, Comedy Central, HBO, Showtime, Amazon and Hulu perform, with surprise drop-in comics nightly. Featuring Jake Strom, Ali Mehedi, Hakeem Yusuf, and Maggie Naughton.",N/A,2026-04-30,9:30 PM,"99 MacDougal St, New York, NY 10012, USA",https://www.greenwichvillagecomedyclub.com/shows/2026-04-30-stand-up-comedy-in-new-york-city-930-pm/,"comedy, stand-up, comedian, late-night, energetic, adults, groups, netflix-comics, surprise-guests"
Greenwich Village Comedy Club,Stand Up Comedy In Greenwich Village–First Stop Friday,"The Friday Warm-Up: an early evening 90-minute showcase featuring a curated, high-octane lineup of NYC comics including SNL writers and Comedy Central veterans. Designed as an early-night showcase with frequent surprise guest appearances.",N/A,2026-05-01,6:00 PM,"99 MacDougal St, New York, NY 10012, USA",https://www.greenwichvillagecomedyclub.com/shows/2026-05-01-stand-up-comedy-in-greenwich-village-first-stop-friday-600-pm/,"comedy, stand-up, humor, energetic, intimate, adults, groups, SNL-writers, Friday-night"
Greenwich Village Comedy Club,Stand-up Comedy In New York City.,"Featuring a lineup of NYC comics seen on Netflix, Hulu, Comedy Central and more. Tonight's guests include Oscar Aydin, Mike Britt, Tatiana Frank, Vinny Guadagnino, Neal Patel and Erik B.",N/A,2026-05-01,8:00 PM,"99 MacDougal St, New York, NY 10012, USA",https://www.greenwichvillagecomedyclub.com/shows/2026-05-01-stand-up-comedy-in-new-york-city-800-pm/,"comedy, stand-up, comedian, humor, energetic, adults, netflix-comics, comedy-lineup"
Greenwich Village Comedy Club,Stand-up Comedy In New York City.,"An evening showcase of NYC comedians seen on major platforms; this performance features Oscar Aydin, Matt Arevalo, Tatiana Frank, Mike Britt, Erik B and Chloe Fimiano. Surprise drop-in comics are common.",N/A,2026-05-01,10:00 PM,"99 MacDougal St, New York, NY 10012, USA",https://www.greenwichvillagecomedyclub.com/shows/2026-05-01-stand-up-comedy-in-new-york-city-1000-pm/,"comedy, stand-up, comedian, humor, energetic, adults, laughs, live-comedy, surprise-guests"
Greenwich Village Comedy Club,Stand-up Comedy In New York City.,"Late-night showcase featuring Matt Arevalo, Mike Britt, Mac O’Hara and Chloe Fimiano among tonight's guests. NYC headliners and rising stars perform; surprise guests possible.",N/A,2026-05-01,11:55 PM,"99 MacDougal St, New York, NY 10012, USA",https://www.greenwichvillagecomedyclub.com/shows/2026-05-01-stand-up-comedy-in-new-york-city-1155-pm/,"comedy, stand-up, humor, late-night, energetic, adults, comedian-showcase, surprise-guests"
Greenwich Village Comedy Club,Stand Up Comedy In Greenwich Village–First Stop Saturday,"The Saturday Kickoff: a 5:00 PM showcase featuring a curated lineup of comedians seen on Netflix, HBO and Comedy Central. Fast-paced and timed to get you to dinner by 7:00 PM.",N/A,2026-05-02,5:00 PM,"99 MacDougal St, New York, NY 10012, USA",https://www.greenwichvillagecomedyclub.com/shows/2026-05-02-stand-up-comedy-in-greenwich-village-first-stop-saturday-500-pm/,"comedy, stand-up, comedian, energetic, adults, date-night, netflix-comedians, early-show"
Greenwich Village Comedy Club,Stand-up Comedy In New York City.,"Featuring NYC’s best comics as seen on Netflix, Hulu, Kevin Hart LOL, HBO, Comedy Central and more. Tonight's guests include Pedro Gonzalez, Vannessa Jackson, Billy Hockman, Splou, Oscar Aydin and Mike Britt.",N/A,2026-05-02,8:00 PM,"99 MacDougal St, New York, NY 10012, USA",https://www.greenwichvillagecomedyclub.com/shows/2026-05-02-stand-up-comedy-in-new-york-city-800-pm/,"comedy, stand-up, humor, comedian, energetic, adults, netflix-comics, comedy-night"
Greenwich Village Comedy Club,Stand-up Comedy In New York City.,"NYC’s top comedians perform with surprise drop-in comics nightly. Featured performers include Pedro Gonzalez, Mike Britt, Oscar Aydin, Vannessa Jackson, Splou and Billy Hockman.",N/A,2026-05-02,9:00 PM,"99 MacDougal St, New York, NY 10012, USA",https://www.greenwichvillagecomedyclub.com/shows/2026-05-02-stand-up-comedy-in-new-york-city-900-pm/,"comedy, stand-up, humor, comedian, energetic, adults, late-night, surprise-lineup, nightly-shows"
Greenwich Village Comedy Club,Stand-up Comedy In New York City.,"Late-night showcase featuring top NYC comics and surprise guests. Performers listed for tonight include Pedro Gonzalez, Mike Britt, Oscar Aydin, Vannessa Jackson, Splou and Billy Hockman.",N/A,2026-05-02,11:00 PM,"99 MacDougal St, New York, NY 10012, USA",https://www.greenwichvillagecomedyclub.com/shows/2026-05-02-stand-up-comedy-in-new-york-city-1100-pm/,"comedy, stand-up, comedian, late-night, energetic, adults, surprise-guests, showcase"
Stand Up NY at Bond 45,Stand Up NY Presents: Anna Roisman,Headlining set by comedian Anna Roisman with opening acts Ben Fisher and Stewart Fullerton. A high-energy stand-up show featuring Anna’s viral impressions and observational comedy.,$29.40,2026-05-01,8:30 PM,"221 W 46th St, New York, NY 10036, USA",https://tickets.venuepilot.com/e/stand-up-ny-presents-anna-roisman-2026-05-01-stand-up-ny-at-bond-45-new-york-ef8766,"comedy, stand-up, humor, comedian, energetic, adults, viral-impressions, observational-comedy"
Stand Up NY at Bond 45,Stand Up NY Presents: Anna Roisman,Headlining set by comedian Anna Roisman with opening acts Ben Fisher and Stewart Fullerton. A high-energy stand-up show featuring Anna’s viral impressions and observational comedy.,$29.40,2026-05-02,8:30 PM,"221 W 46th St, New York, NY 10036, USA",https://tickets.venuepilot.com/e/stand-up-ny-presents-anna-roisman-2026-05-01-stand-up-ny-at-bond-45-new-york-ef8766,"comedy, stand-up, humor, comedian, energetic, adults, viral-impressions, observational-comedy"
Broadway Comedy Club,Stand Up Comedy In New York City.,A curated lineup of New York City headliners and surprise drop-in comics performing a mixed headliner and feature set. Features several noted comics from TV and festivals. ,N/A,2026-04-30,7:00 PM,"318 W 53rd St, New York, NY 10019, USA",https://www.broadwaycomedyclub.com/shows/2026-04-30-stand-up-comedy-in-new-york-city-700-pm/,"comedy, stand-up, comedian, humor, energetic, adults, headliners, surprise-guests"
Broadway Comedy Club,Stand Up Comedy In New York City.,An evening showcase of NYC stand-up featuring a rotating cast of headliners and featured comics. Typical club policies and surprise drop-ins apply. ,N/A,2026-04-30,9:00 PM,"318 W 53rd St, New York, NY 10019, USA",https://www.broadwaycomedyclub.com/shows/2026-04-30-stand-up-comedy-in-new-york-city-900-pm/,"comedy, stand-up, comedian, humor, energetic, adults, late-night, headliners, rotating-cast"
Broadway Comedy Club,Stand Up Comedy In New York City.,Late-night set featuring a mix of New York headliners and guest performers. Club notes two-drink minimum and arrival policies. ,N/A,2026-04-30,11:00 PM,"318 W 53rd St, New York, NY 10019, USA",https://www.broadwaycomedyclub.com/shows/2026-04-30-stand-up-comedy-in-new-york-city-1100-pm/,"comedy, stand-up, headliners, late-night, energetic, adults, guest-performers"
Broadway Comedy Club,Stand Up Comedy In New York City.,A curated lineup of New York City headliners and surprise drop-in comics performing a mixed headliner and feature set. Features several noted comics from TV and festivals. ,N/A,2026-05-01,7:00 PM,"318 W 53rd St, New York, NY 10019, USA",https://www.broadwaycomedyclub.com/shows/2026-05-01-stand-up-comedy-in-new-york-city-700-pm/,"comedy, stand-up, comedian, humor, energetic, adults, laughs, headliner-comics, late-night"
Broadway Comedy Club,Laura Bolivar En Español,"Spanish-language stand-up show headlined by Laura Bolivar, who performs regularly in the U.S. and has appeared at the New York Comedy Festival and on Amazon Prime. This is a special event with a two-drink minimum. ",N/A,2026-05-01,7:30 PM,"318 W 53rd St, New York, NY 10019, USA",https://www.broadwaycomedyclub.com/shows/laura-bolivar-en-espanol/,"comedy, stand-up, humor, comedian, energetic, adults, spanish-language, laura-bolivar"
Broadway Comedy Club,Stand Up Comedy In New York City.,An evening showcase of NYC stand-up featuring a rotating cast of headliners and featured comics. Club policies note two-drink minimum and arrival requirements. ,N/A,2026-05-01,9:00 PM,"318 W 53rd St, New York, NY 10019, USA",https://www.broadwaycomedyclub.com/shows/2026-05-01-stand-up-comedy-in-new-york-city-900-pm/,"comedy, stand-up, humor, comedian, energetic, nightlife, adults, groups, rotating-headliners, two-drink-minimum"
Broadway Comedy Club,Charles Baquet & Friends Comedy Show,A Red Room showcase headlined by Charles Baquet with guest comedians and featured performers. Standard club policies apply. ,N/A,2026-05-01,10:00 PM,"318 W 53rd St, New York, NY 10019, USA",https://www.broadwaycomedyclub.com/shows/2026-05-01-charles-baquet-friends-comedy-show-1000-pm/,"comedy, stand-up, humor, energetic, groups, comedian-showcase, red-room"
Broadway Comedy Club,Stand Up Comedy In New York City.,Late-night lineup of New York comics performing headliner and feature sets with surprise drop-ins. Note club arrival and refund policies. ,N/A,2026-05-01,11:00 PM,"318 W 53rd St, New York, NY 10019, USA",https://www.broadwaycomedyclub.com/shows/2026-05-01-stand-up-comedy-in-new-york-city-1100-pm/,"comedy, stand-up, comedian, late-night, energetic, adults, groups, headliner-sets, surprise-guests"
Broadway Comedy Club,Stand Up Comedy In New York City.,A very late show featuring rotating comics and surprise guests in the Red Room. Club policies include a two-drink minimum and no refunds. ,N/A,2026-05-01,11:55 PM,"318 W 53rd St, New York, NY 10019, USA",https://www.broadwaycomedyclub.com/shows/2026-05-01-stand-up-comedy-in-new-york-city-1155-pm/,"comedy, stand-up, comedian, late-night, energetic, adults, surprise-guests, red-room"
Broadway Comedy Club,The Industry Room Audition Show. America’s Best Comedy Open Mic.,An open-mic/audition format where up-and-coming comics audition for the club’s talent booker and a festival booker; includes veteran headliners. This is a special event with no discounts accepted. ,N/A,2026-05-02,4:00 PM,"318 W 53rd St, New York, NY 10019, USA",https://www.broadwaycomedyclub.com/shows/2026-05-02-the-industry-room-audition-show-americas-best-comedy-open-mic-400-pm/,"comedy, open-mic, stand-up, unscripted, energetic, groups, audition, emerging-comics"
Broadway Comedy Club,Stand Up Comedy In New York City.,An early evening Red Room show featuring a roster of New York comics and headliners. Standard club policies and two-drink minimum apply. ,N/A,2026-05-02,5:00 PM,"318 W 53rd St, New York, NY 10019, USA",https://www.broadwaycomedyclub.com/shows/2026-05-02-stand-up-comedy-in-new-york-city-500-pm/,"comedy, stand-up, comedian, energetic, casual, groups, adults, red-room-show, new-york-comics"
Broadway Comedy Club,Jeremy Scippio Live In New York City,Solo show featuring Jeremy Scippio with a bio-driven stand-up set; he has performed across major comedy venues and on TV. Club notes this as a special event. ,N/A,2026-05-02,7:00 PM,"318 W 53rd St, New York, NY 10019, USA",https://www.broadwaycomedyclub.com/shows/jeremy-scippio-live-in-new-york-city/,"comedy, stand-up, comedian, energetic, adults, solo-comedian, new-york-comedy"
Broadway Comedy Club,Stand Up Comedy In New York City.,An evening showcase of New York City headliners and surprise drop-in comics performing feature and headliner sets. Club arrival and refund policies apply. ,N/A,2026-05-02,7:00 PM,"318 W 53rd St, New York, NY 10019, USA",https://www.broadwaycomedyclub.com/shows/2026-05-02-stand-up-comedy-in-new-york-city-700-pm/,"comedy, stand-up, comedian, energetic, late-night, groups, headliners, surprise-guests"
Broadway Comedy Club,Stand Up Comedy In New York City.,Prime-time showcase with rotating headliners and featured acts from the NYC comedy scene. Expect surprise drop-in performers. ,N/A,2026-05-02,9:00 PM,"318 W 53rd St, New York, NY 10019, USA",https://www.broadwaycomedyclub.com/shows/2026-05-02-stand-up-comedy-in-new-york-city-900-pm/,"comedy, stand-up, comedian, energetic, rowdy, groups, adults, headliners, surprise-performances"
Broadway Comedy Club,Stand Up Comedy In New York City.,Late evening Red Room show featuring a selection of New York comics and headliners. Club policies such as two-drink minimum apply. ,N/A,2026-05-02,9:30 PM,"318 W 53rd St, New York, NY 10019, USA",https://www.broadwaycomedyclub.com/shows/2026-05-02-stand-up-comedy-in-new-york-city-930-pm/,"comedy, stand-up, comedian, late-night, energetic, adults, groups, headliners, red-room"
Broadway Comedy Club,Stand Up Comedy In New York City.,Late-night lineup of NYC comedians performing in the Main Room; club notes two-drink minimum and arrival requirements. ,N/A,2026-05-02,11:00 PM,"318 W 53rd St, New York, NY 10019, USA",https://www.broadwaycomedyclub.com/shows/2026-05-02-stand-up-comedy-in-new-york-city-1100-pm/,"comedy, stand-up, humor, late-night, energetic, adults, groups, comedian-lineup, main-room"
Broadway Comedy Club,Stand Up Comedy In New York City.,Very late-night show featuring rotating comics and surprise drop-ins in the Red Room. Standard club policies apply. ,N/A,2026-05-02,11:55 PM,"318 W 53rd St, New York, NY 10019, USA",https://www.broadwaycomedyclub.com/shows/2026-05-02-stand-up-comedy-in-new-york-city-1155-pm/,"comedy, stand-up, late-night, rowdy, energetic, adults, groups, surprise-guests, red-room"
